Empresa;Número de Documento;Año Fiscal;Fecha;Tipo de Documento;Número de Artículo;Material;Vendedor;Cantidad;Valor en Moneda Local;Valor en Moneda Extranjera
1000;183456;2026;31/12/2026;VF;1;PR001;VD026;27;1957.23;1957.23
1000;183456;2026;31/12/2026;VF;2;PR058;VD037;14;2872.80;2872.80
1000;183457;2026;31/12/2026;VF;1;PR020;VD034;20;7137.62;7137.62
1000;183458;2026;31/12/2026;VF;1;PR035;VD021;24;2478.77;2478.77
1000;183459;2026;31/12/2026;VF;1;PR016;VD027;10;303.03;303.03
1000;183460;2026;31/12/2026;VF;1;PR051;VD048;18;704.72;704.72
1000;183461;2026;31/12/2026;VF;1;PR042;VD025;27;1778.76;1778.76
1000;183462;2026;31/12/2026;VF;1;PR050;VD037;14;511.27;511.27
1000;183463;2026;31/12/2026;VF;1;PR001;VD036;12;901.51;901.51
1000;183464;2026;31/12/2026;VF;1;PR059;VD049;27;5783.40;5783.40
1000;183465;2026;31/12/2026;VF;1;PR019;VD021;15;845.81;845.81
1000;183466;2026;31/12/2026;VF;1;PR055;VD015;18;1844.75;1844.75
1000;183466;2026;31/12/2026;VF;2;PR052;VD012;16;950.10;950.10
1000;183466;2026;31/12/2026;VF;3;PR052;VD043;9;511.97;511.97
1000;183467;2026;30/12/2026;VF;1;PR014;VD020;9;420.15;420.15
1000;183468;2026;30/12/2026;VF;1;PR055;VD019;9;890.01;890.01
1000;183469;2026;30/12/2026;VF;1;PR045;VD041;14;1157.10;1157.10
1000;183470;2026;30/12/2026;VF;1;PR053;VD013;9;511.97;511.97
1000;183471;2026;30/12/2026;VF;1;PR054;VD028;9;538.92;538.92
2000;183472;2026;30/12/2026;VF;1;PR020;VD047;27;8907.03;8907.03
1000;183472;2026;30/12/2026;VF;2;PR047;VD017;12;4174.56;4174.56
2000;183473;2026;30/12/2026;VF;1;PR047;VD040;15;4826.84;4826.84
1000;183474;2026;30/12/2026;VF;1;PR003;VD033;8;629.59;629.59
1000;183475;2026;30/12/2026;VF;1;PR058;VD014;21;4536.00;4536.00
2000;183476;2026;30/12/2026;VF;1;PR049;VD029;12;473.76;473.76
1000;183477;2026;30/12/2026;VF;1;PR035;VD010;27;2763.94;2763.94
2000;183478;2026;30/12/2026;VF;1;PR003;VD024;18;1480.39;1480.39
2000;183479;2026;29/12/2026;VF;1;PR006;VD021;27;1249.67;1249.67
1000;183479;2026;29/12/2026;VF;2;PR002;VD040;24;1996.34;1996.34
1000;183479;2026;28/12/2026;VF;3;PR038;VD016;12;1972.02;1972.02
1000;183480;2026;28/12/2026;VF;1;PR027;VD035;30;3996.00;3996.00
1000;183480;2026;28/12/2026;VF;2;PR059;VD049;12;2419.20;2419.20
1000;183480;2026;27/12/2026;VF;3;PR035;VD019;21;2207.31;2207.31
1000;183481;2026;27/12/2026;VF;1;PR028;VD011;16;4718.11;4718.11
1000;183482;2026;26/12/2026;VF;1;PR018;VD016;10;378.35;378.35
2000;183483;2026;26/12/2026;VF;1;PR035;VD018;28;2149.73;2149.73
1000;183483;2026;25/12/2026;VF;2;PR057;VD034;9;906.19;906.19
1000;183484;2026;25/12/2026;VF;1;PR004;VD024;15;2610.00;2610.00
1000;183485;2026;25/12/2026;VF;1;PR014;VD011;12;560.20;560.20
2000;183486;2026;25/12/2026;VF;1;PR027;VD018;27;3888.00;3888.00
1000;183487;2026;25/12/2026;VF;1;PR032;VD011;24;6600.00;6600.00
2000;183487;2026;25/12/2026;VF;2;PR006;VD015;27;1260.44;1260.44
2000;183488;2026;25/12/2026;VF;1;PR028;VD048;20;5597.76;5597.76
1000;183489;2026;25/12/2026;VF;1;PR033;VD024;24;7485.12;7485.12
1000;183490;2026;25/12/2026;VF;1;PR008;VD027;20;2049.72;2049.72
1000;183491;2026;25/12/2026;VF;1;PR013;VD048;27;1238.90;1238.90
1000;183492;2026;25/12/2026;VF;1;PR011;VD026;18;1013.04;1013.04
1000;183493;2026;25/12/2026;VF;1;PR014;VD040;24;1139.54;1139.54
2000;183494;2026;24/12/2026;VF;1;PR043;VD035;18;1435.50;1435.50
1000;183494;2026;24/12/2026;VF;2;PR037;VD036;30;5040.00;5040.00
1000;183494;2026;24/12/2026;VF;3;PR020;VD026;20;6657.78;6657.78
1000;183495;2026;24/12/2026;VF;1;PR052;VD035;12;658.68;658.68
1000;183495;2026;24/12/2026;VF;2;PR023;VD016;27;7894.34;7894.34
1000;183496;2026;24/12/2026;VF;1;PR002;VD018;9;717.17;717.17
1000;183496;2026;23/12/2026;VF;2;PR039;VD014;16;2663.04;2663.04
2000;183497;2026;23/12/2026;VF;1;PR060;VD044;6;1252.80;1252.80
1000;183498;2026;22/12/2026;VF;1;PR009;VD041;15;1560.72;1560.72
2000;183498;2026;22/12/2026;VF;2;PR057;VD046;15;1591.23;1591.23
1000;183498;2026;21/12/2026;VF;3;PR018;VD037;10;361.90;361.90
1000;183499;2026;21/12/2026;VF;1;PR022;VD023;16;5424.00;5424.00
1000;183499;2026;21/12/2026;VF;2;PR020;VD023;21;7242.59;7242.59
1000;183500;2026;21/12/2026;VF;1;PR043;VD039;16;1368.80;1368.80
1000;183501;2026;21/12/2026;VF;1;PR040;VD014;20;1624.00;1624.00
1000;183502;2026;21/12/2026;VF;1;PR052;VD035;30;1721.55;1721.55
2000;183502;2026;21/12/2026;VF;2;PR021;VD013;8;2689.75;2689.75
1000;183503;2026;21/12/2026;VF;1;PR050;VD015;24;915.94;915.94
1000;183504;2026;21/12/2026;VF;1;PR036;VD040;12;1301.52;1301.52
1000;183505;2026;20/12/2026;VF;1;PR023;VD037;12;3298.68;3298.68
1000;183506;2026;20/12/2026;VF;1;PR052;VD014;20;1127.74;1127.74
1000;183506;2026;19/12/2026;VF;2;PR051;VD018;6;221.09;221.09
2000;183507;2026;19/12/2026;VF;1;PR019;VD010;20;1197.60;1197.60
1000;183508;2026;19/12/2026;VF;1;PR053;VD043;16;950.10;950.10
1000;183509;2026;19/12/2026;VF;1;PR031;VD035;21;6122.55;6122.55
1000;183509;2026;19/12/2026;VF;2;PR008;VD037;10;1078.80;1078.80
1000;183510;2026;19/12/2026;VF;1;PR010;VD023;14;704.03;704.03
1000;183511;2026;19/12/2026;VF;1;PR012;VD018;10;577.02;577.02
2000;183512;2026;19/12/2026;VF;1;PR043;VD033;12;983.10;983.10
2000;183513;2026;19/12/2026;VF;1;PR004;VD015;10;1725.50;1725.50
1000;183513;2026;19/12/2026;VF;2;PR045;VD027;16;1334.00;1334.00
1000;183514;2026;18/12/2026;VF;1;PR014;VD035;20;877.80;877.80
1000;183515;2026;18/12/2026;VF;1;PR026;VD011;15;6035.78;6035.78
1000;183516;2026;18/12/2026;VF;1;PR014;VD028;30;1328.67;1328.67
1000;183516;2026;17/12/2026;VF;2;PR024;VD019;30;8810.61;8810.61
1000;183517;2026;17/12/2026;VF;1;PR023;VD034;18;5082.97;5082.97
1000;183517;2026;17/12/2026;VF;2;PR010;VD028;20;1050.66;1050.66
1000;183517;2026;17/12/2026;VF;3;PR042;VD041;24;1502.06;1502.06
1000;183518;2026;17/12/2026;VF;1;PR057;VD015;24;2373.36;2373.36
1000;183519;2026;17/12/2026;VF;1;PR034;VD027;6;598.73;598.73
1000;183520;2026;17/12/2026;VF;1;PR031;VD024;6;1675.80;1675.80
1000;183521;2026;17/12/2026;VF;1;PR046;VD038;8;2620.70;2620.70
1000;183522;2026;16/12/2026;VF;1;PR033;VD014;12;3649.00;3649.00
1000;183523;2026;16/12/2026;VF;1;PR041;VD035;18;1166.08;1166.08
1000;183524;2026;16/12/2026;VF;1;PR001;VD045;12;941.05;941.05
1000;183525;2026;16/12/2026;VF;1;PR006;VD035;12;541.04;541.04
1000;183526;2026;16/12/2026;VF;1;PR049;VD039;10;388.22;388.22
1000;183527;2026;16/12/2026;VF;1;PR012;VD034;27;1584.36;1584.36
1000;183528;2026;15/12/2026;VF;1;PR060;VD019;18;3628.80;3628.80
1000;183529;2026;15/12/2026;VF;1;PR060;VD042;10;1980.00;1980.00
1000;183530;2026;15/12/2026;VF;1;PR014;VD010;18;790.02;790.02
1000;183530;2026;14/12/2026;VF;2;PR036;VD019;27;2953.67;2953.67
1000;183531;2026;14/12/2026;VF;1;PR035;VD012;8;862.82;862.82
1000;183532;2026;13/12/2026;VF;1;PR006;VD044;16;746.93;746.93
2000;183533;2026;13/12/2026;VF;1;PR010;VD049;20;1077.60;1077.60
1000;183534;2026;13/12/2026;VF;1;PR024;VD041;27;8350.59;8350.59
1000;183535;2026;13/12/2026;VF;1;PR023;VD038;30;8846.46;8846.46
1000;183536;2026;12/12/2026;VF;1;PR022;VD044;12;4032.00;4032.00
1000;183536;2026;12/12/2026;VF;2;PR053;VD010;14;810.38;810.38
2000;183537;2026;11/12/2026;VF;1;PR054;VD034;21;1236.52;1236.52
1000;183538;2026;11/12/2026;VF;1;PR058;VD044;15;3240.00;3240.00
1000;183539;2026;10/12/2026;VF;1;PR040;VD037;12;974.40;974.40
1000;183540;2026;10/12/2026;VF;1;PR031;VD037;24;6997.20;6997.20
2000;183541;2026;10/12/2026;VF;1;PR009;VD011;21;2185.01;2185.01
1000;183542;2026;10/12/2026;VF;1;PR029;VD047;24;6793.20;6793.20
1000;183543;2026;09/12/2026;VF;1;PR017;VD042;27;912.25;912.25
1000;183544;2026;09/12/2026;VF;1;PR003;VD032;24;2041.92;2041.92
1000;183545;2026;09/12/2026;VF;1;PR041;VD023;18;1136.43;1136.43
1000;183546;2026;09/12/2026;VF;1;PR029;VD036;24;6976.80;6976.80
1000;183547;2026;09/12/2026;VF;1;PR054;VD034;18;1059.88;1059.88
1000;183548;2026;08/12/2026;VF;1;PR047;VD034;21;7122.84;7122.84
1000;183549;2026;08/12/2026;VF;1;PR023;VD018;12;3598.56;3598.56
1000;183550;2026;08/12/2026;VF;1;PR017;VD043;18;592.02;592.02
1000;183551;2026;07/12/2026;VF;1;PR058;VD021;10;2070.00;2070.00
1000;183552;2026;07/12/2026;VF;1;PR012;VD031;9;523.72;523.72
1000;183553;2026;07/12/2026;VF;1;PR010;VD020;27;1357.78;1357.78
1000;183553;2026;06/12/2026;VF;2;PR038;VD024;24;4081.22;4081.22
1000;183553;2026;06/12/2026;VF;3;PR024;VD038;18;5567.06;5567.06
1000;183554;2026;06/12/2026;VF;1;PR029;VD048;8;2325.60;2325.60
1000;183555;2026;06/12/2026;VF;1;PR040;VD022;18;1423.80;1423.80
1000;183555;2026;06/12/2026;VF;2;PR045;VD023;16;1345.60;1345.60
1000;183556;2026;06/12/2026;VF;1;PR059;VD034;18;3888.00;3888.00
1000;183556;2026;05/12/2026;VF;2;PR031;VD039;9;2557.80;2557.80
1000;183557;2026;05/12/2026;VF;1;PR059;VD036;15;2997.00;2997.00
1000;183558;2026;05/12/2026;VF;1;PR058;VD027;15;3186.00;3186.00
1000;183559;2026;04/12/2026;VF;1;PR005;VD036;27;7929.55;7929.55
1000;183559;2026;04/12/2026;VF;2;PR017;VD022;18;592.02;592.02
1000;183560;2026;04/12/2026;VF;1;PR005;VD047;15;4561.25;4561.25
1000;183561;2026;04/12/2026;VF;1;PR015;VD022;6;306.00;306.00
1000;183562;2026;04/12/2026;VF;1;PR010;VD013;8;423.86;423.86
1000;183563;2026;04/12/2026;VF;1;PR057;VD023;27;2670.03;2670.03
1000;183563;2026;03/12/2026;VF;2;PR024;VD048;16;4823.74;4823.74
1000;183564;2026;03/12/2026;VF;1;PR050;VD019;18;681.03;681.03
2000;183565;2026;02/12/2026;VF;1;PR012;VD028;12;692.42;692.42
1000;183566;2026;02/12/2026;VF;1;PR010;VD011;12;646.56;646.56
2000;183567;2026;02/12/2026;VF;1;PR054;VD033;20;1147.70;1147.70
1000;183568;2026;02/12/2026;VF;1;PR007;VD031;20;1924.16;1924.16
1000;183569;2026;01/12/2026;VF;1;PR057;VD031;30;3020.64;3020.64
2000;183570;2026;01/12/2026;VF;1;PR020;VD040;18;5938.02;5938.02
1000;183571;2026;01/12/2026;VF;1;PR053;VD019;12;670.66;670.66
2000;183572;2026;30/11/2026;VF;1;PR049;VD016;21;766.90;766.90
1000;183572;2026;30/11/2026;VF;2;PR026;VD018;9;3589.97;3589.97
1000;183573;2026;30/11/2026;VF;1;PR055;VD045;27;2815.67;2815.67
1000;183573;2026;30/11/2026;VF;2;PR016;VD041;30;901.32;901.32
1000;183574;2026;30/11/2026;VF;1;PR002;VD018;18;1421.77;1421.77
1000;183575;2026;30/11/2026;VF;1;PR021;VD013;20;7209.02;7209.02
1000;183576;2026;29/11/2026;VF;1;PR042;VD046;30;1811.70;1811.70
1000;183576;2026;29/11/2026;VF;2;PR015;VD026;24;1183.20;1183.20
1000;183577;2026;29/11/2026;VF;1;PR015;VD044;18;918.00;918.00
1000;183578;2026;28/11/2026;VF;1;PR036;VD035;20;2187.90;2187.90
1000;183579;2026;28/11/2026;VF;1;PR029;VD040;12;3610.80;3610.80
1000;183579;2026;28/11/2026;VF;2;PR050;VD011;18;651.42;651.42
2000;183580;2026;28/11/2026;VF;1;PR034;VD018;9;954.74;954.74
2000;183580;2026;28/11/2026;VF;2;PR027;VD016;10;1428.00;1428.00
1000;183581;2026;28/11/2026;VF;1;PR015;VD043;18;872.10;872.10
1000;183582;2026;28/11/2026;VF;1;PR003;VD031;9;708.29;708.29
1000;183583;2026;28/11/2026;VF;1;PR026;VD032;10;4128.82;4128.82
1000;183583;2026;28/11/2026;VF;2;PR006;VD017;16;766.08;766.08
2000;183584;2026;28/11/2026;VF;1;PR050;VD015;27;1012.66;1012.66
1000;183584;2026;27/11/2026;VF;2;PR009;VD040;30;3065.70;3065.70
2000;183585;2026;27/11/2026;VF;1;PR013;VD021;15;706.23;706.23
1000;183586;2026;26/11/2026;VF;1;PR049;VD049;21;759.99;759.99
1000;183587;2026;26/11/2026;VF;1;PR004;VD035;18;2923.20;2923.20
2000;183588;2026;26/11/2026;VF;1;PR046;VD019;20;6725.68;6725.68
1000;183589;2026;26/11/2026;VF;1;PR047;VD046;27;8844.85;8844.85
1000;183590;2026;26/11/2026;VF;1;PR054;VD019;18;1077.84;1077.84
1000;183591;2026;25/11/2026;VF;1;PR041;VD033;27;1778.76;1778.76
1000;183592;2026;25/11/2026;VF;1;PR024;VD018;8;2453.46;2453.46
1000;183593;2026;25/11/2026;VF;1;PR024;VD048;15;4678.20;4678.20
1000;183594;2026;25/11/2026;VF;1;PR039;VD015;15;2430.90;2430.90
1000;183595;2026;25/11/2026;VF;1;PR032;VD016;27;7897.50;7897.50
1000;183595;2026;25/11/2026;VF;2;PR006;VD015;24;1139.54;1139.54
2000;183596;2026;25/11/2026;VF;1;PR006;VD035;30;1340.64;1340.64
1000;183597;2026;24/11/2026;VF;1;PR051;VD024;30;1135.05;1135.05
1000;183597;2026;24/11/2026;VF;2;PR047;VD019;27;9157.94;9157.94
1000;183598;2026;24/11/2026;VF;1;PR006;VD030;9;395.01;395.01
1000;183599;2026;24/11/2026;VF;1;PR050;VD016;27;1030.43;1030.43
1000;183600;2026;24/11/2026;VF;1;PR019;VD042;18;1014.97;1014.97
1000;183601;2026;24/11/2026;VF;1;PR044;VD011;27;2153.25;2153.25
1000;183602;2026;24/11/2026;VF;1;PR017;VD019;18;613.55;613.55
2000;183603;2026;23/11/2026;VF;1;PR004;VD033;24;4141.20;4141.20
2000;183604;2026;23/11/2026;VF;1;PR059;VD028;12;2527.20;2527.20
2000;183605;2026;23/11/2026;VF;1;PR003;VD040;16;1247.84;1247.84
2000;183606;2026;22/11/2026;VF;1;PR055;VD018;14;1485.15;1485.15
2000;183607;2026;22/11/2026;VF;1;PR041;VD031;21;1314.31;1314.31
1000;183608;2026;22/11/2026;VF;1;PR056;VD040;16;1639.78;1639.78
1000;183609;2026;22/11/2026;VF;1;PR038;VD028;24;3772.56;3772.56
1000;183610;2026;22/11/2026;VF;1;PR022;VD045;21;7371.00;7371.00
1000;183610;2026;22/11/2026;VF;2;PR023;VD024;14;4093.36;4093.36
2000;183611;2026;22/11/2026;VF;1;PR053;VD019;21;1152.69;1152.69
2000;183611;2026;21/11/2026;VF;2;PR046;VD047;16;5566.08;5566.08
1000;183612;2026;21/11/2026;VF;1;PR048;VD027;27;9392.76;9392.76
1000;183612;2026;20/11/2026;VF;2;PR055;VD033;14;1397.05;1397.05
1000;183613;2026;20/11/2026;VF;1;PR017;VD036;21;753.48;753.48
2000;183613;2026;20/11/2026;VF;2;PR029;VD035;12;3610.80;3610.80
2000;183614;2026;20/11/2026;VF;1;PR005;VD037;20;6185.62;6185.62
2000;183615;2026;20/11/2026;VF;1;PR058;VD048;15;3105.00;3105.00
1000;183616;2026;20/11/2026;VF;1;PR025;VD035;12;4102.63;4102.63
1000;183617;2026;20/11/2026;VF;1;PR042;VD017;3;197.64;197.64
2000;183617;2026;20/11/2026;VF;2;PR046;VD039;15;4870.32;4870.32
1000;183618;2026;19/11/2026;VF;1;PR006;VD044;27;1238.90;1238.90
1000;183619;2026;19/11/2026;VF;1;PR053;VD047;12;676.64;676.64
1000;183619;2026;18/11/2026;VF;2;PR042;VD018;8;491.90;491.90
2000;183619;2026;18/11/2026;VF;3;PR002;VD034;3;245.35;245.35
1000;183620;2026;18/11/2026;VF;1;PR016;VD019;16;472.42;472.42
1000;183621;2026;18/11/2026;VF;1;PR055;VD029;2;213.96;213.96
1000;183621;2026;18/11/2026;VF;2;PR057;VD037;3;315.55;315.55
1000;183622;2026;18/11/2026;VF;1;PR011;VD030;7;380.83;380.83
1000;183623;2026;18/11/2026;VF;1;PR006;VD047;16;766.08;766.08
1000;183623;2026;17/11/2026;VF;2;PR019;VD034;12;670.66;670.66
1000;183624;2026;17/11/2026;VF;1;PR006;VD037;10;462.84;462.84
1000;183625;2026;17/11/2026;VF;1;PR026;VD032;6;2393.32;2393.32
1000;183626;2026;17/11/2026;VF;1;PR058;VD027;2;417.60;417.60
1000;183627;2026;16/11/2026;VF;1;PR013;VD011;15;712.22;712.22
1000;183628;2026;16/11/2026;VF;1;PR058;VD017;7;1486.80;1486.80
1000;183629;2026;15/11/2026;VF;1;PR030;VD036;9;2689.97;2689.97
1000;183630;2026;15/11/2026;VF;1;PR015;VD049;30;1415.25;1415.25
1000;183630;2026;15/11/2026;VF;2;PR001;VD013;16;1254.74;1254.74
1000;183630;2026;15/11/2026;VF;3;PR053;VD012;3;166.17;166.17
1000;183631;2026;15/11/2026;VF;1;PR041;VD037;2;122.98;122.98
1000;183631;2026;14/11/2026;VF;2;PR002;VD047;2;153.78;153.78
1000;183631;2026;14/11/2026;VF;3;PR021;VD039;27;9241.48;9241.48
2000;183631;2026;13/11/2026;VF;4;PR035;VD026;6;608.72;608.72
1000;183631;2026;13/11/2026;VF;5;PR008;VD036;6;593.34;593.34
2000;183631;2026;13/11/2026;VF;6;PR045;VD045;6;513.30;513.30
2000;183632;2026;12/11/2026;VF;1;PR037;VD021;9;1398.60;1398.60
1000;183633;2026;12/11/2026;VF;1;PR016;VD041;2;57.50;57.50
1000;183634;2026;12/11/2026;VF;1;PR053;VD013;21;1247.00;1247.00
1000;183634;2026;12/11/2026;VF;2;PR001;VD019;21;1577.65;1577.65
1000;183635;2026;12/11/2026;VF;1;PR052;VD032;2;114.77;114.77
1000;183636;2026;12/11/2026;VF;1;PR027;VD018;8;1056.00;1056.00
1000;183637;2026;12/11/2026;VF;1;PR049;VD013;14;515.87;515.87
1000;183638;2026;11/11/2026;VF;1;PR021;VD035;7;2417.14;2417.14
1000;183639;2026;11/11/2026;VF;1;PR055;VD030;10;1024.86;1024.86
2000;183640;2026;11/11/2026;VF;1;PR022;VD022;8;2712.00;2712.00
1000;183641;2026;11/11/2026;VF;1;PR043;VD037;27;2349.00;2349.00
1000;183641;2026;11/11/2026;VF;2;PR008;VD023;6;593.34;593.34
1000;183641;2026;11/11/2026;VF;3;PR004;VD017;3;491.55;491.55
1000;183642;2026;11/11/2026;VF;1;PR012;VD039;2;113.45;113.45
1000;183643;2026;11/11/2026;VF;1;PR024;VD032;18;5192.80;5192.80
1000;183643;2026;11/11/2026;VF;2;PR047;VD045;8;2736.66;2736.66
1000;183643;2026;11/11/2026;VF;3;PR030;VD022;6;1730.93;1730.93
2000;183643;2026;10/11/2026;VF;4;PR006;VD032;7;318.40;318.40
1000;183644;2026;10/11/2026;VF;1;PR032;VD014;6;1800.00;1800.00
1000;183644;2026;10/11/2026;VF;2;PR031;VD038;16;4664.80;4664.80
1000;183645;2026;09/11/2026;VF;1;PR029;VD027;8;2427.60;2427.60
2000;183646;2026;09/11/2026;VF;1;PR021;VD011;5;1696.24;1696.24
1000;183647;2026;09/11/2026;VF;1;PR039;VD017;6;1033.68;1033.68
2000;183648;2026;09/11/2026;VF;1;PR024;VD021;12;3617.81;3617.81
1000;183649;2026;08/11/2026;VF;1;PR039;VD042;14;2289.28;2289.28
1000;183650;2026;08/11/2026;VF;1;PR050;VD042;8;313.21;313.21
1000;183650;2026;08/11/2026;VF;2;PR032;VD036;30;8925.00;8925.00
1000;183651;2026;08/11/2026;VF;1;PR047;VD027;8;2481.54;2481.54
1000;183652;2026;08/11/2026;VF;1;PR016;VD023;18;470.86;470.86
1000;183653;2026;08/11/2026;VF;1;PR029;VD033;16;4161.60;4161.60
1000;183654;2026;08/11/2026;VF;1;PR050;VD036;10;345.45;345.45
1000;183654;2026;08/11/2026;VF;2;PR045;VD045;3;237.08;237.08
1000;183654;2026;08/11/2026;VF;3;PR053;VD022;10;543.91;543.91
1000;183655;2026;08/11/2026;VF;1;PR042;VD020;3;167.99;167.99
1000;183656;2026;07/11/2026;VF;1;PR049;VD019;4;132.92;132.92
1000;183656;2026;07/11/2026;VF;2;PR045;VD015;18;1357.20;1357.20
1000;183657;2026;07/11/2026;VF;1;PR037;VD029;6;915.60;915.60
2000;183658;2026;07/11/2026;VF;1;PR021;VD017;10;3331.90;3331.90
1000;183658;2026;07/11/2026;VF;2;PR034;VD045;8;719.20;719.20
1000;183659;2026;07/11/2026;VF;1;PR047;VD041;8;2388.78;2388.78
2000;183659;2026;06/11/2026;VF;2;PR025;VD033;4;1295.57;1295.57
1000;183660;2026;06/11/2026;VF;1;PR056;VD025;30;2697.00;2697.00
1000;183661;2026;06/11/2026;VF;1;PR017;VD014;10;310.96;310.96
2000;183661;2026;06/11/2026;VF;2;PR057;VD025;3;269.70;269.70
1000;183662;2026;06/11/2026;VF;1;PR033;VD016;3;818.69;818.69
1000;183662;2026;05/11/2026;VF;2;PR029;VD038;3;818.55;818.55
1000;183663;2026;05/11/2026;VF;1;PR060;VD039;7;1386.00;1386.00
1000;183663;2026;05/11/2026;VF;2;PR031;VD029;6;1484.70;1484.70
1000;183664;2026;04/11/2026;VF;1;PR038;VD036;21;3240.97;3240.97
1000;183665;2026;04/11/2026;VF;1;PR054;VD041;10;499.00;499.00
1000;183666;2026;04/11/2026;VF;1;PR022;VD045;1;306.00;306.00
2000;183667;2026;03/11/2026;VF;1;PR034;VD033;18;1747.66;1747.66
1000;183668;2026;03/11/2026;VF;1;PR010;VD034;12;538.80;538.80
2000;183668;2026;03/11/2026;VF;2;PR058;VD031;10;1890.00;1890.00
2000;183668;2026;03/11/2026;VF;3;PR012;VD015;2;103.67;103.67
1000;183669;2026;03/11/2026;VF;1;PR004;VD031;1;149.35;149.35
1000;183670;2026;03/11/2026;VF;1;PR027;VD030;6;770.40;770.40
1000;183671;2026;03/11/2026;VF;1;PR020;VD032;18;5668.11;5668.11
1000;183671;2026;03/11/2026;VF;2;PR016;VD032;12;320.12;320.12
1000;183671;2026;03/11/2026;VF;3;PR056;VD015;1;96.19;96.19
1000;183672;2026;03/11/2026;VF;1;PR017;VD016;8;241.59;241.59
1000;183672;2026;03/11/2026;VF;2;PR001;VD044;6;403.31;403.31
1000;183673;2026;02/11/2026;VF;1;PR059;VD042;21;3817.80;3817.80
1000;183673;2026;02/11/2026;VF;2;PR039;VD013;3;438.00;438.00
1000;183674;2026;02/11/2026;VF;1;PR035;VD011;4;383.88;383.88
1000;183675;2026;02/11/2026;VF;1;PR051;VD041;30;1026.48;1026.48
2000;183676;2026;02/11/2026;VF;1;PR047;VD034;6;1774.19;1774.19
2000;183676;2026;02/11/2026;VF;2;PR008;VD025;12;1121.95;1121.95
2000;183676;2026;01/11/2026;VF;3;PR045;VD035;8;609.00;609.00
1000;183677;2026;01/11/2026;VF;1;PR029;VD043;21;5462.10;5462.10
2000;183678;2026;01/11/2026;VF;1;PR054;VD015;2;105.79;105.79
1000;183679;2026;01/11/2026;VF;1;PR033;VD025;4;1133.16;1133.16
1000;183680;2026;31/10/2026;VF;1;PR001;VD021;6;430.99;430.99
1000;183681;2026;31/10/2026;VF;1;PR010;VD029;3;134.70;134.70
1000;183681;2026;31/10/2026;VF;2;PR005;VD038;10;2728.95;2728.95
1000;183682;2026;31/10/2026;VF;1;PR040;VD045;21;1543.50;1543.50
1000;183683;2026;31/10/2026;VF;1;PR017;VD029;27;815.37;815.37
1000;183683;2026;31/10/2026;VF;2;PR045;VD041;10;768.50;768.50
1000;183684;2026;31/10/2026;VF;1;PR014;VD018;27;1141.94;1141.94
1000;183685;2026;30/10/2026;VF;1;PR028;VD015;15;3785.99;3785.99
1000;183686;2026;30/10/2026;VF;1;PR046;VD021;14;4180.36;4180.36
1000;183687;2026;30/10/2026;VF;1;PR043;VD015;20;1595.00;1595.00
1000;183688;2026;29/10/2026;VF;1;PR030;VD017;18;4865.33;4865.33
1000;183688;2026;29/10/2026;VF;2;PR047;VD024;24;7027.18;7027.18
1000;183689;2026;29/10/2026;VF;1;PR010;VD028;2;95.19;95.19
2000;183689;2026;29/10/2026;VF;2;PR001;VD035;1;72.49;72.49
2000;183690;2026;28/10/2026;VF;1;PR014;VD030;9;377.06;377.06
2000;183691;2026;28/10/2026;VF;1;PR041;VD042;2;109.80;109.80
1000;183691;2026;28/10/2026;VF;2;PR037;VD028;8;1187.20;1187.20
1000;183692;2026;27/10/2026;VF;1;PR003;VD048;3;227.59;227.59
1000;183692;2026;27/10/2026;VF;2;PR006;VD012;3;122.09;122.09
1000;183692;2026;27/10/2026;VF;3;PR012;VD023;16;805.87;805.87
1000;183692;2026;27/10/2026;VF;4;PR028;VD015;2;549.78;549.78
1000;183693;2026;27/10/2026;VF;1;PR043;VD031;6;443.70;443.70
1000;183693;2026;27/10/2026;VF;2;PR031;VD023;8;1999.20;1999.20
1000;183694;2026;27/10/2026;VF;1;PR005;VD030;15;4210.38;4210.38
1000;183695;2026;27/10/2026;VF;1;PR051;VD041;5;171.08;171.08
1000;183696;2026;27/10/2026;VF;1;PR018;VD028;12;430.33;430.33
2000;183697;2026;27/10/2026;VF;1;PR016;VD042;5;138.57;138.57
1000;183698;2026;27/10/2026;VF;1;PR048;VD019;2;614.59;614.59
1000;183699;2026;27/10/2026;VF;1;PR036;VD036;16;1630.64;1630.64
1000;183700;2026;27/10/2026;VF;1;PR023;VD032;8;2199.12;2199.12
1000;183701;2026;27/10/2026;VF;1;PR038;VD032;15;2357.85;2357.85
1000;183701;2026;26/10/2026;VF;2;PR037;VD025;27;3780.00;3780.00
1000;183701;2026;26/10/2026;VF;3;PR020;VD016;12;3778.74;3778.74
2000;183702;2026;26/10/2026;VF;1;PR049;VD017;21;753.08;753.08
1000;183703;2026;26/10/2026;VF;1;PR007;VD029;18;1561.66;1561.66
1000;183704;2026;26/10/2026;VF;1;PR056;VD043;3;272.40;272.40
2000;183704;2026;26/10/2026;VF;2;PR019;VD039;20;1057.88;1057.88
1000;183704;2026;26/10/2026;VF;3;PR015;VD046;3;135.15;135.15
1000;183704;2026;26/10/2026;VF;4;PR019;VD043;21;1100.30;1100.30
1000;183705;2026;26/10/2026;VF;1;PR043;VD031;9;698.18;698.18
2000;183705;2026;26/10/2026;VF;2;PR038;VD015;12;1869.13;1869.13
1000;183706;2026;26/10/2026;VF;1;PR050;VD042;1;33.89;33.89
1000;183707;2026;25/10/2026;VF;1;PR005;VD022;6;1574.99;1574.99
1000;183708;2026;25/10/2026;VF;1;PR018;VD047;6;197.40;197.40
2000;183709;2026;24/10/2026;VF;1;PR057;VD043;1;96.19;96.19
1000;183709;2026;24/10/2026;VF;2;PR010;VD042;16;732.77;732.77
1000;183710;2026;24/10/2026;VF;1;PR001;VD034;6;419.12;419.12
1000;183711;2026;24/10/2026;VF;1;PR036;VD046;7;706.86;706.86
1000;183712;2026;23/10/2026;VF;1;PR051;VD026;20;704.06;704.06
1000;183712;2026;23/10/2026;VF;2;PR030;VD036;21;5457.90;5457.90
1000;183713;2026;22/10/2026;VF;1;PR045;VD039;18;1409.40;1409.40
1000;183714;2026;22/10/2026;VF;1;PR025;VD013;6;1817.39;1817.39
1000;183715;2026;21/10/2026;VF;1;PR025;VD043;16;4990.34;4990.34
1000;183715;2026;21/10/2026;VF;2;PR047;VD011;3;913.19;913.19
1000;183716;2026;21/10/2026;VF;1;PR060;VD044;6;1101.60;1101.60
1000;183716;2026;21/10/2026;VF;2;PR012;VD022;27;1333.50;1333.50
1000;183716;2026;20/10/2026;VF;3;PR009;VD019;2;185.80;185.80
1000;183717;2026;20/10/2026;VF;1;PR010;VD041;5;237.97;237.97
1000;183718;2026;20/10/2026;VF;1;PR049;VD049;4;143.44;143.44
2000;183719;2026;19/10/2026;VF;1;PR016;VD044;6;161.62;161.62
2000;183719;2026;19/10/2026;VF;2;PR008;VD033;27;2548.67;2548.67
1000;183720;2026;19/10/2026;VF;1;PR018;VD033;1;34.87;34.87
2000;183720;2026;19/10/2026;VF;2;PR017;VD013;9;293.32;293.32
1000;183721;2026;19/10/2026;VF;1;PR050;VD030;6;205.30;205.30
1000;183722;2026;19/10/2026;VF;1;PR018;VD040;20;671.16;671.16
1000;183722;2026;18/10/2026;VF;2;PR001;VD045;9;634.62;634.62
1000;183723;2026;18/10/2026;VF;1;PR053;VD033;6;314.37;314.37
1000;183724;2026;18/10/2026;VF;1;PR011;VD046;8;375.20;375.20
2000;183724;2026;18/10/2026;VF;2;PR036;VD044;9;849.92;849.92
2000;183725;2026;18/10/2026;VF;1;PR007;VD035;8;700.94;700.94
1000;183725;2026;18/10/2026;VF;2;PR017;VD013;2;62.79;62.79
1000;183726;2026;18/10/2026;VF;1;PR029;VD022;24;6364.80;6364.80
2000;183727;2026;18/10/2026;VF;1;PR049;VD046;2;71.72;71.72
1000;183728;2026;18/10/2026;VF;1;PR036;VD035;18;1783.98;1783.98
1000;183729;2026;18/10/2026;VF;1;PR039;VD047;14;2227.96;2227.96
1000;183730;2026;17/10/2026;VF;1;PR043;VD049;8;585.80;585.80
1000;183731;2026;17/10/2026;VF;1;PR039;VD036;7;1124.20;1124.20
2000;183732;2026;16/10/2026;VF;1;PR039;VD032;2;312.44;312.44
1000;183732;2026;16/10/2026;VF;2;PR043;VD038;3;221.85;221.85
1000;183733;2026;15/10/2026;VF;1;PR005;VD021;14;3893.30;3893.30
1000;183733;2026;15/10/2026;VF;2;PR012;VD047;2;101.71;101.71
2000;183733;2026;15/10/2026;VF;3;PR039;VD042;2;292.00;292.00
2000;183734;2026;15/10/2026;VF;1;PR040;VD038;2;145.60;145.60
1000;183735;2026;14/10/2026;VF;1;PR053;VD031;10;523.95;523.95
1000;183736;2026;14/10/2026;VF;1;PR033;VD030;10;2858.90;2858.90
2000;183736;2026;14/10/2026;VF;2;PR045;VD026;12;913.50;913.50
2000;183737;2026;14/10/2026;VF;1;PR012;VD042;10;498.78;498.78
1000;183738;2026;13/10/2026;VF;1;PR002;VD037;3;215.99;215.99
1000;183739;2026;13/10/2026;VF;1;PR024;VD023;9;2549.62;2549.62
1000;183740;2026;13/10/2026;VF;1;PR039;VD028;4;601.52;601.52
1000;183741;2026;13/10/2026;VF;1;PR058;VD028;3;594.00;594.00
1000;183742;2026;12/10/2026;VF;1;PR027;VD040;14;1730.40;1730.40
1000;183743;2026;12/10/2026;VF;1;PR003;VD029;24;1769.66;1769.66
1000;183744;2026;12/10/2026;VF;1;PR032;VD016;4;1060.00;1060.00
2000;183745;2026;12/10/2026;VF;1;PR049;VD015;12;406.64;406.64
1000;183746;2026;12/10/2026;VF;1;PR011;VD016;18;903.29;903.29
1000;183746;2026;11/10/2026;VF;2;PR015;VD028;1;42.93;42.93
1000;183747;2026;11/10/2026;VF;1;PR025;VD025;16;4942.35;4942.35
2000;183748;2026;11/10/2026;VF;1;PR023;VD047;2;539.78;539.78
1000;183748;2026;11/10/2026;VF;2;PR031;VD035;9;2337.30;2337.30
1000;183748;2026;10/10/2026;VF;3;PR004;VD030;5;768.50;768.50
1000;183749;2026;10/10/2026;VF;1;PR001;VD037;4;263.60;263.60
1000;183750;2026;10/10/2026;VF;1;PR006;VD025;8;328.78;328.78
1000;183751;2026;10/10/2026;VF;1;PR019;VD030;6;299.40;299.40
1000;183752;2026;10/10/2026;VF;1;PR048;VD037;6;1861.16;1861.16
2000;183753;2026;10/10/2026;VF;1;PR060;VD032;30;5832.00;5832.00
1000;183754;2026;10/10/2026;VF;1;PR045;VD041;7;553.18;553.18
1000;183755;2026;09/10/2026;VF;1;PR003;VD012;27;1914.30;1914.30
1000;183756;2026;09/10/2026;VF;1;PR056;VD030;12;1089.59;1089.59
1000;183757;2026;09/10/2026;VF;1;PR033;VD014;10;2702.96;2702.96
1000;183758;2026;09/10/2026;VF;1;PR041;VD014;20;1108.98;1108.98
1000;183759;2026;09/10/2026;VF;1;PR004;VD011;10;1464.50;1464.50
1000;183760;2026;09/10/2026;VF;1;PR007;VD020;9;850.41;850.41
1000;183761;2026;09/10/2026;VF;1;PR046;VD015;9;2713.46;2713.46
1000;183762;2026;09/10/2026;VF;1;PR024;VD011;3;834.28;834.28
2000;183763;2026;09/10/2026;VF;1;PR047;VD033;1;307.29;307.29
1000;183764;2026;09/10/2026;VF;1;PR032;VD025;16;4080.00;4080.00
1000;183765;2026;09/10/2026;VF;1;PR020;VD015;10;3088.97;3088.97
1000;183766;2026;09/10/2026;VF;1;PR006;VD012;15;634.41;634.41
1000;183767;2026;09/10/2026;VF;1;PR031;VD034;9;2227.05;2227.05
1000;183767;2026;08/10/2026;VF;2;PR052;VD044;12;658.68;658.68
1000;183767;2026;08/10/2026;VF;3;PR050;VD018;14;502.05;502.05
1000;183768;2026;08/10/2026;VF;1;PR042;VD018;4;228.38;228.38
2000;183769;2026;08/10/2026;VF;1;PR006;VD021;8;347.93;347.93
1000;183770;2026;08/10/2026;VF;1;PR016;VD017;12;341.88;341.88
1000;183771;2026;08/10/2026;VF;1;PR015;VD034;5;233.75;233.75
1000;183772;2026;08/10/2026;VF;1;PR003;VD041;5;361.59;361.59
1000;183773;2026;08/10/2026;VF;1;PR007;VD025;1;88.48;88.48
2000;183773;2026;08/10/2026;VF;2;PR031;VD046;4;1078.00;1078.00
1000;183774;2026;08/10/2026;VF;1;PR037;VD021;4;604.80;604.80
1000;183775;2026;08/10/2026;VF;1;PR043;VD036;27;2074.95;2074.95
2000;183776;2026;08/10/2026;VF;1;PR038;VD036;12;1817.69;1817.69
1000;183777;2026;08/10/2026;VF;1;PR048;VD032;9;2817.83;2817.83
1000;183778;2026;08/10/2026;VF;1;PR051;VD039;15;537.92;537.92
2000;183779;2026;08/10/2026;VF;1;PR047;VD039;8;2504.74;2504.74
1000;183780;2026;07/10/2026;VF;1;PR014;VD017;5;217.46;217.46
1000;183781;2026;07/10/2026;VF;1;PR009;VD010;5;478.44;478.44
1000;183782;2026;07/10/2026;VF;1;PR029;VD014;6;1575.90;1575.90
1000;183782;2026;07/10/2026;VF;2;PR019;VD020;6;317.36;317.36
1000;183783;2026;06/10/2026;VF;1;PR007;VD028;14;1226.65;1226.65
1000;183784;2026;06/10/2026;VF;1;PR032;VD033;30;7950.00;7950.00
2000;183785;2026;05/10/2026;VF;1;PR052;VD037;16;870.26;870.26
2000;183786;2026;05/10/2026;VF;1;PR055;VD036;1;89.90;89.90
1000;183786;2026;05/10/2026;VF;2;PR027;VD019;8;988.80;988.80
1000;183787;2026;05/10/2026;VF;1;PR034;VD048;30;2777.91;2777.91
1000;183787;2026;05/10/2026;VF;2;PR028;VD042;3;749.70;749.70
1000;183788;2026;05/10/2026;VF;1;PR039;VD023;9;1445.40;1445.40
1000;183789;2026;04/10/2026;VF;1;PR053;VD024;6;308.38;308.38
1000;183789;2026;04/10/2026;VF;2;PR032;VD011;27;7020.00;7020.00
2000;183790;2026;04/10/2026;VF;1;PR027;VD030;3;381.60;381.60
1000;183791;2026;04/10/2026;VF;1;PR049;VD017;24;868.56;868.56
1000;183792;2026;03/10/2026;VF;1;PR050;VD018;30;987.00;987.00
2000;183793;2026;03/10/2026;VF;1;PR051;VD021;9;302.02;302.02
1000;183794;2026;03/10/2026;VF;1;PR031;VD018;12;3175.20;3175.20
2000;183795;2026;03/10/2026;VF;1;PR017;VD014;6;197.34;197.34
1000;183796;2026;03/10/2026;VF;1;PR044;VD025;1;76.13;76.13
1000;183797;2026;02/10/2026;VF;1;PR018;VD019;3;98.70;98.70
1000;183798;2026;02/10/2026;VF;1;PR010;VD042;10;489.41;489.41
1000;183799;2026;01/10/2026;VF;1;PR041;VD032;10;554.49;554.49
1000;183799;2026;01/10/2026;VF;2;PR050;VD042;2;68.43;68.43
2000;183800;2026;01/10/2026;VF;1;PR022;VD031;10;3270.00;3270.00
1000;183800;2026;01/10/2026;VF;2;PR048;VD016;16;5009.47;5009.47
1000;183800;2026;01/10/2026;VF;3;PR028;VD041;16;4038.38;4038.38
1000;183801;2026;01/10/2026;VF;1;PR002;VD027;2;153.78;153.78
1000;183802;2026;01/10/2026;VF;1;PR043;VD046;2;146.45;146.45
1000;183802;2026;01/10/2026;VF;2;PR033;VD042;10;2832.91;2832.91
1000;183803;2026;01/10/2026;VF;1;PR041;VD020;7;388.14;388.14
1000;183804;2026;01/10/2026;VF;1;PR030;VD045;5;1312.50;1312.50
2000;183804;2026;01/10/2026;VF;2;PR060;VD032;6;1090.80;1090.80
1000;183804;2026;01/10/2026;VF;3;PR051;VD034;20;658.00;658.00
1000;183805;2026;01/10/2026;VF;1;PR005;VD011;10;2676.97;2676.97
1000;183806;2026;01/10/2026;VF;1;PR013;VD012;20;845.88;845.88
2000;183806;2026;30/09/2026;VF;2;PR037;VD039;14;1979.60;1979.60
1000;183806;2026;30/09/2026;VF;3;PR032;VD022;16;4160.00;4160.00
1000;183807;2026;29/09/2026;VF;1;PR052;VD045;5;269.46;269.46
1000;183808;2026;29/09/2026;VF;1;PR038;VD020;2;305.81;305.81
1000;183809;2026;29/09/2026;VF;1;PR049;VD029;9;310.91;310.91
1000;183809;2026;29/09/2026;VF;2;PR022;VD015;12;3672.00;3672.00
1000;183810;2026;29/09/2026;VF;1;PR015;VD020;10;442.00;442.00
1000;183811;2026;29/09/2026;VF;1;PR039;VD020;9;1445.40;1445.40
1000;183811;2026;28/09/2026;VF;2;PR035;VD017;14;1343.58;1343.58
1000;183812;2026;28/09/2026;VF;1;PR025;VD012;3;962.68;962.68
2000;183813;2026;28/09/2026;VF;1;PR027;VD031;8;969.60;969.60
2000;183814;2026;27/09/2026;VF;1;PR020;VD022;6;1853.38;1853.38
1000;183815;2026;27/09/2026;VF;1;PR050;VD047;8;289.52;289.52
1000;183815;2026;26/09/2026;VF;2;PR053;VD041;5;274.45;274.45
1000;183816;2026;26/09/2026;VF;1;PR042;VD018;14;822.40;822.40
2000;183816;2026;25/09/2026;VF;2;PR041;VD049;6;352.46;352.46
1000;183816;2026;25/09/2026;VF;3;PR043;VD032;2;155.15;155.15
1000;183817;2026;25/09/2026;VF;1;PR006;VD044;8;341.54;341.54
1000;183817;2026;25/09/2026;VF;2;PR058;VD018;4;792.00;792.00
1000;183817;2026;25/09/2026;VF;3;PR038;VD032;4;600.18;600.18
1000;183818;2026;25/09/2026;VF;1;PR022;VD026;9;2916.00;2916.00
1000;183819;2026;25/09/2026;VF;1;PR035;VD046;5;479.85;479.85
1000;183819;2026;25/09/2026;VF;2;PR015;VD032;5;223.13;223.13
2000;183820;2026;25/09/2026;VF;1;PR020;VD021;9;2753.08;2753.08
2000;183820;2026;25/09/2026;VF;2;PR011;VD014;9;455.87;455.87
1000;183821;2026;24/09/2026;VF;1;PR050;VD040;1;33.56;33.56
1000;183821;2026;24/09/2026;VF;2;PR046;VD019;4;1263.96;1263.96
1000;183822;2026;24/09/2026;VF;1;PR016;VD012;2;53.35;53.35
1000;183822;2026;24/09/2026;VF;2;PR041;VD049;1;59.84;59.84
1000;183822;2026;24/09/2026;VF;3;PR037;VD038;14;1960.00;1960.00
1000;183823;2026;24/09/2026;VF;1;PR019;VD018;4;213.57;213.57
1000;183824;2026;24/09/2026;VF;1;PR052;VD043;7;356.29;356.29
1000;183825;2026;24/09/2026;VF;1;PR011;VD042;1;50.65;50.65
1000;183826;2026;24/09/2026;VF;1;PR058;VD048;8;1526.40;1526.40
1000;183827;2026;23/09/2026;VF;1;PR042;VD024;3;169.64;169.64
1000;183827;2026;23/09/2026;VF;2;PR009;VD037;6;568.55;568.55
1000;183828;2026;23/09/2026;VF;1;PR017;VD043;2;65.18;65.18
1000;183829;2026;22/09/2026;VF;1;PR009;VD025;5;478.44;478.44
2000;183829;2026;22/09/2026;VF;2;PR026;VD033;12;4324.76;4324.76
2000;183829;2026;21/09/2026;VF;3;PR058;VD046;3;577.80;577.80
1000;183829;2026;21/09/2026;VF;4;PR011;VD039;2;99.43;99.43
2000;183830;2026;21/09/2026;VF;1;PR030;VD027;8;2079.20;2079.20
1000;183831;2026;21/09/2026;VF;1;PR032;VD031;20;5300.00;5300.00
2000;183832;2026;21/09/2026;VF;1;PR039;VD021;2;292.00;292.00
1000;183832;2026;21/09/2026;VF;2;PR045;VD017;20;1537.00;1537.00
1000;183833;2026;21/09/2026;VF;1;PR035;VD045;6;586.79;586.79
1000;183834;2026;20/09/2026;VF;1;PR008;VD015;9;809.10;809.10
2000;183835;2026;20/09/2026;VF;1;PR037;VD045;4;571.20;571.20
1000;183836;2026;20/09/2026;VF;1;PR055;VD047;9;841.46;841.46
1000;183837;2026;19/09/2026;VF;1;PR022;VD034;10;3120.00;3120.00
1000;183838;2026;19/09/2026;VF;1;PR029;VD047;4;1030.20;1030.20
1000;183839;2026;19/09/2026;VF;1;PR006;VD010;10;430.92;430.92
1000;183839;2026;19/09/2026;VF;2;PR003;VD017;12;935.88;935.88
1000;183840;2026;19/09/2026;VF;1;PR017;VD025;1;29.90;29.90
1000;183841;2026;19/09/2026;VF;1;PR037;VD027;20;2912.00;2912.00
1000;183841;2026;19/09/2026;VF;2;PR024;VD035;8;2183.16;2183.16
2000;183841;2026;18/09/2026;VF;3;PR006;VD022;18;725.38;725.38
1000;183842;2026;18/09/2026;VF;1;PR051;VD027;18;633.65;633.65
2000;183843;2026;17/09/2026;VF;1;PR057;VD019;16;1539.09;1539.09
2000;183843;2026;17/09/2026;VF;2;PR004;VD037;16;2343.20;2343.20
1000;183844;2026;17/09/2026;VF;1;PR046;VD041;2;614.59;614.59
1000;183845;2026;17/09/2026;VF;1;PR030;VD015;1;265.10;265.10
1000;183846;2026;17/09/2026;VF;1;PR010;VD029;5;240.22;240.22
1000;183846;2026;17/09/2026;VF;2;PR028;VD034;8;2179.13;2179.13
1000;183846;2026;17/09/2026;VF;3;PR059;VD042;14;2671.20;2671.20
2000;183847;2026;17/09/2026;VF;1;PR033;VD019;8;2224.74;2224.74
1000;183847;2026;16/09/2026;VF;2;PR054;VD018;16;870.26;870.26
1000;183848;2026;16/09/2026;VF;1;PR023;VD017;4;1089.56;1089.56
1000;183849;2026;16/09/2026;VF;1;PR031;VD040;3;757.05;757.05
1000;183850;2026;16/09/2026;VF;1;PR004;VD039;16;2528.80;2528.80
1000;183850;2026;15/09/2026;VF;2;PR029;VD048;7;1874.25;1874.25
1000;183851;2026;15/09/2026;VF;1;PR031;VD024;5;1286.25;1286.25
1000;183852;2026;15/09/2026;VF;1;PR020;VD014;12;3850.72;3850.72
1000;183852;2026;15/09/2026;VF;2;PR006;VD011;7;293.27;293.27
1000;183852;2026;15/09/2026;VF;3;PR060;VD021;12;2160.00;2160.00
1000;183853;2026;14/09/2026;VF;1;PR052;VD039;6;311.38;311.38
1000;183853;2026;14/09/2026;VF;2;PR008;VD027;3;277.79;277.79
2000;183854;2026;13/09/2026;VF;1;PR004;VD032;1;147.90;147.90
1000;183855;2026;13/09/2026;VF;1;PR057;VD049;4;370.39;370.39
1000;183856;2026;13/09/2026;VF;1;PR016;VD044;4;112.92;112.92
1000;183857;2026;13/09/2026;VF;1;PR025;VD012;7;2162.28;2162.28
1000;183858;2026;13/09/2026;VF;1;PR028;VD032;18;4813.07;4813.07
2000;183859;2026;13/09/2026;VF;1;PR014;VD020;4;164.39;164.39
1000;183860;2026;13/09/2026;VF;1;PR006;VD026;5;215.46;215.46
1000;183861;2026;12/09/2026;VF;1;PR004;VD015;16;2320.00;2320.00
1000;183862;2026;12/09/2026;VF;1;PR033;VD043;5;1338.49;1338.49
1000;183862;2026;12/09/2026;VF;2;PR027;VD037;10;1236.00;1236.00
1000;183863;2026;12/09/2026;VF;1;PR053;VD047;6;314.37;314.37
2000;183863;2026;12/09/2026;VF;2;PR025;VD037;20;6057.98;6057.98
1000;183864;2026;12/09/2026;VF;1;PR036;VD019;2;203.83;203.83
2000;183865;2026;12/09/2026;VF;1;PR054;VD049;6;320.36;320.36
1000;183866;2026;11/09/2026;VF;1;PR057;VD043;6;560.98;560.98
1000;183867;2026;11/09/2026;VF;1;PR026;VD046;10;3743.93;3743.93
1000;183867;2026;11/09/2026;VF;2;PR031;VD029;6;1587.60;1587.60
2000;183868;2026;11/09/2026;VF;1;PR028;VD029;2;539.78;539.78
2000;183869;2026;11/09/2026;VF;1;PR019;VD046;2;109.78;109.78
1000;183869;2026;11/09/2026;VF;2;PR056;VD028;3;275.09;275.09
1000;183869;2026;11/09/2026;VF;3;PR006;VD029;8;335.16;335.16
1000;183869;2026;11/09/2026;VF;4;PR010;VD028;2;96.98;96.98
1000;183870;2026;11/09/2026;VF;1;PR029;VD022;18;4773.60;4773.60
1000;183871;2026;11/09/2026;VF;1;PR026;VD014;14;5241.50;5241.50
1000;183872;2026;10/09/2026;VF;1;PR054;VD046;10;503.99;503.99
2000;183873;2026;10/09/2026;VF;1;PR055;VD014;8;747.97;747.97
1000;183874;2026;10/09/2026;VF;1;PR022;VD041;2;630.00;630.00
2000;183874;2026;10/09/2026;VF;2;PR038;VD038;3;467.28;467.28
1000;183875;2026;10/09/2026;VF;1;PR049;VD038;4;140.81;140.81
2000;183876;2026;10/09/2026;VF;1;PR033;VD048;12;3243.55;3243.55
1000;183877;2026;10/09/2026;VF;1;PR050;VD018;2;67.77;67.77
1000;183878;2026;10/09/2026;VF;1;PR037;VD014;8;1209.60;1209.60
1000;183878;2026;10/09/2026;VF;2;PR001;VD010;8;537.74;537.74
1000;183879;2026;09/09/2026;VF;1;PR049;VD015;16;573.78;573.78
1000;183880;2026;09/09/2026;VF;1;PR013;VD020;6;248.98;248.98
1000;183881;2026;09/09/2026;VF;1;PR003;VD031;9;657.24;657.24
1000;183881;2026;09/09/2026;VF;2;PR057;VD045;7;679.64;679.64
1000;183881;2026;09/09/2026;VF;3;PR025;VD035;1;305.90;305.90
1000;183882;2026;09/09/2026;VF;1;PR047;VD023;20;6029.92;6029.92
1000;183883;2026;08/09/2026;VF;1;PR060;VD030;18;3402.00;3402.00
2000;183884;2026;08/09/2026;VF;1;PR017;VD049;18;581.26;581.26
1000;183885;2026;08/09/2026;VF;1;PR024;VD026;10;2806.92;2806.92
1000;183885;2026;08/09/2026;VF;2;PR013;VD013;16;702.24;702.24
1000;183885;2026;08/09/2026;VF;3;PR057;VD027;18;1666.75;1666.75
1000;183886;2026;08/09/2026;VF;1;PR057;VD038;8;733.58;733.58
2000;183886;2026;08/09/2026;VF;2;PR020;VD021;2;617.79;617.79
1000;183887;2026;08/09/2026;VF;1;PR007;VD033;8;749.05;749.05
2000;183888;2026;08/09/2026;VF;1;PR040;VD023;4;308.00;308.00
1000;183888;2026;08/09/2026;VF;2;PR024;VD018;2;535.39;535.39
1000;183888;2026;08/09/2026;VF;3;PR004;VD031;4;603.20;603.20
1000;183889;2026;08/09/2026;VF;1;PR016;VD010;8;221.70;221.70
1000;183890;2026;07/09/2026;VF;1;PR029;VD030;5;1287.75;1287.75
1000;183891;2026;07/09/2026;VF;1;PR007;VD046;9;804.02;804.02
1000;183892;2026;06/09/2026;VF;1;PR049;VD032;14;492.84;492.84
1000;183893;2026;06/09/2026;VF;1;PR039;VD035;16;2452.80;2452.80
1000;183893;2026;06/09/2026;VF;2;PR022;VD022;2;606.00;606.00
1000;183893;2026;06/09/2026;VF;3;PR004;VD023;2;319.00;319.00
2000;183894;2026;06/09/2026;VF;1;PR011;VD049;9;460.09;460.09
1000;183895;2026;06/09/2026;VF;1;PR052;VD044;20;1077.84;1077.84
1000;183896;2026;05/09/2026;VF;1;PR001;VD039;5;345.98;345.98
1000;183897;2026;05/09/2026;VF;1;PR051;VD031;5;164.50;164.50
1000;183897;2026;05/09/2026;VF;2;PR007;VD023;4;367.65;367.65
1000;183898;2026;05/09/2026;VF;1;PR039;VD019;3;459.90;459.90
1000;183898;2026;05/09/2026;VF;2;PR033;VD041;5;1351.48;1351.48
1000;183899;2026;04/09/2026;VF;1;PR043;VD035;6;474.15;474.15
2000;183900;2026;04/09/2026;VF;1;PR056;VD025;1;92.60;92.60
1000;183901;2026;04/09/2026;VF;1;PR032;VD033;7;1820.00;1820.00
1000;183902;2026;04/09/2026;VF;1;PR035;VD042;4;398.50;398.50
1000;183903;2026;04/09/2026;VF;1;PR011;VD030;4;193.23;193.23
1000;183903;2026;04/09/2026;VF;2;PR011;VD036;2;93.80;93.80
1000;183904;2026;03/09/2026;VF;1;PR039;VD031;4;624.88;624.88
1000;183905;2026;03/09/2026;VF;1;PR026;VD045;16;5822.34;5822.34
1000;183906;2026;03/09/2026;VF;1;PR048;VD029;20;6145.88;6145.88
2000;183907;2026;03/09/2026;VF;1;PR021;VD045;6;1817.40;1817.40
1000;183908;2026;03/09/2026;VF;1;PR047;VD030;14;4180.36;4180.36
1000;183908;2026;03/09/2026;VF;2;PR002;VD030;8;609.53;609.53
1000;183909;2026;03/09/2026;VF;1;PR048;VD040;4;1263.96;1263.96
1000;183910;2026;03/09/2026;VF;1;PR017;VD019;10;304.98;304.98
1000;183910;2026;03/09/2026;VF;2;PR058;VD046;1;189.00;189.00
1000;183911;2026;02/09/2026;VF;1;PR040;VD020;10;770.00;770.00
2000;183912;2026;02/09/2026;VF;1;PR014;VD028;8;331.97;331.97
1000;183913;2026;01/09/2026;VF;1;PR021;VD022;8;2447.43;2447.43
1000;183914;2026;01/09/2026;VF;1;PR028;VD021;10;2723.91;2723.91
2000;183915;2026;01/09/2026;VF;1;PR052;VD018;5;259.48;259.48
2000;183915;2026;01/09/2026;VF;2;PR042;VD011;9;523.75;523.75
1000;183916;2026;31/08/2026;VF;1;PR034;VD033;6;539.40;539.40
1000;183917;2026;31/08/2026;VF;1;PR040;VD011;2;140.00;140.00
1000;183918;2026;31/08/2026;VF;1;PR004;VD012;6;948.30;948.30
1000;183919;2026;31/08/2026;VF;1;PR050;VD040;6;213.19;213.19
2000;183919;2026;31/08/2026;VF;2;PR059;VD027;2;378.00;378.00
1000;183919;2026;30/08/2026;VF;3;PR058;VD031;5;927.00;927.00
1000;183919;2026;30/08/2026;VF;4;PR039;VD048;1;153.30;153.30
1000;183920;2026;30/08/2026;VF;1;PR001;VD028;5;336.09;336.09
1000;183920;2026;29/08/2026;VF;2;PR006;VD027;8;347.93;347.93
1000;183921;2026;29/08/2026;VF;1;PR049;VD017;16;536.93;536.93
1000;183921;2026;29/08/2026;VF;2;PR029;VD035;8;2121.60;2121.60
1000;183922;2026;29/08/2026;VF;1;PR053;VD017;3;164.67;164.67
1000;183923;2026;29/08/2026;VF;1;PR058;VD038;5;909.00;909.00
1000;183924;2026;29/08/2026;VF;1;PR054;VD021;12;604.79;604.79
1000;183924;2026;28/08/2026;VF;2;PR035;VD039;1;94.14;94.14
1000;183925;2026;28/08/2026;VF;1;PR013;VD020;18;761.29;761.29
1000;183926;2026;28/08/2026;VF;1;PR011;VD032;18;886.41;886.41
1000;183927;2026;27/08/2026;VF;1;PR037;VD010;10;1540.00;1540.00
1000;183928;2026;27/08/2026;VF;1;PR038;VD040;6;908.84;908.84
1000;183929;2026;27/08/2026;VF;1;PR049;VD020;2;68.43;68.43
2000;183929;2026;27/08/2026;VF;2;PR006;VD048;7;307.23;307.23
1000;183930;2026;26/08/2026;VF;1;PR058;VD021;6;1166.40;1166.40
1000;183930;2026;26/08/2026;VF;2;PR059;VD033;6;1166.40;1166.40
1000;183931;2026;26/08/2026;VF;1;PR051;VD024;1;33.56;33.56
1000;183932;2026;26/08/2026;VF;1;PR038;VD013;7;1020.31;1020.31
1000;183933;2026;26/08/2026;VF;1;PR005;VD048;1;275.49;275.49
1000;183934;2026;26/08/2026;VF;1;PR008;VD015;20;1977.80;1977.80
1000;183935;2026;25/08/2026;VF;1;PR044;VD046;5;387.88;387.88
1000;183935;2026;25/08/2026;VF;2;PR022;VD021;3;963.00;963.00
1000;183935;2026;24/08/2026;VF;3;PR017;VD042;4;121.99;121.99
1000;183935;2026;24/08/2026;VF;4;PR008;VD043;10;943.95;943.95
1000;183936;2026;24/08/2026;VF;1;PR047;VD025;6;1861.16;1861.16
1000;183936;2026;24/08/2026;VF;2;PR041;VD041;2;116.39;116.39
1000;183937;2026;23/08/2026;VF;1;PR051;VD044;10;358.61;358.61
1000;183937;2026;23/08/2026;VF;2;PR001;VD032;6;427.03;427.03
1000;183938;2026;23/08/2026;VF;1;PR010;VD037;20;942.90;942.90
1000;183938;2026;23/08/2026;VF;2;PR047;VD033;8;2388.78;2388.78
1000;183939;2026;23/08/2026;VF;1;PR029;VD013;14;3641.40;3641.40
1000;183940;2026;23/08/2026;VF;1;PR031;VD036;2;499.80;499.80
1000;183941;2026;23/08/2026;VF;1;PR032;VD021;3;772.50;772.50
1000;183942;2026;22/08/2026;VF;1;PR037;VD049;3;432.60;432.60
1000;183943;2026;22/08/2026;VF;1;PR018;VD026;3;107.58;107.58
1000;183944;2026;21/08/2026;VF;1;PR048;VD040;2;591.40;591.40
2000;183945;2026;21/08/2026;VF;1;PR011;VD036;9;464.31;464.31
1000;183946;2026;21/08/2026;VF;1;PR021;VD019;2;623.97;623.97
1000;183947;2026;21/08/2026;VF;1;PR021;VD038;6;1926.44;1926.44
1000;183947;2026;21/08/2026;VF;2;PR049;VD021;2;67.77;67.77
1000;183948;2026;21/08/2026;VF;1;PR056;VD030;7;692.23;692.23
1000;183949;2026;21/08/2026;VF;1;PR005;VD028;6;1684.15;1684.15
1000;183949;2026;21/08/2026;VF;2;PR029;VD010;8;2060.40;2060.40
2000;183950;2026;21/08/2026;VF;1;PR054;VD032;10;538.92;538.92
1000;183951;2026;21/08/2026;VF;1;PR038;VD040;6;917.42;917.42
1000;183952;2026;21/08/2026;VF;1;PR042;VD012;8;452.38;452.38
2000;183952;2026;21/08/2026;VF;2;PR028;VD032;9;2429.03;2429.03
1000;183953;2026;21/08/2026;VF;1;PR039;VD027;6;928.56;928.56
2000;183954;2026;21/08/2026;VF;1;PR010;VD027;1;45.80;45.80
1000;183955;2026;21/08/2026;VF;1;PR050;VD029;16;526.40;526.40
1000;183956;2026;21/08/2026;VF;1;PR046;VD025;6;1826.37;1826.37
1000;183956;2026;20/08/2026;VF;2;PR036;VD024;2;203.83;203.83
1000;183957;2026;20/08/2026;VF;1;PR047;VD035;1;313.09;313.09
2000;183958;2026;20/08/2026;VF;1;PR014;VD028;4;161.20;161.20
1000;183959;2026;20/08/2026;VF;1;PR039;VD012;20;3124.40;3124.40
1000;183959;2026;20/08/2026;VF;2;PR051;VD034;6;211.22;211.22
1000;183960;2026;19/08/2026;VF;1;PR060;VD043;8;1483.20;1483.20
2000;183961;2026;19/08/2026;VF;1;PR050;VD040;10;329.00;329.00
1000;183962;2026;19/08/2026;VF;1;PR044;VD012;4;301.60;301.60
1000;183963;2026;19/08/2026;VF;1;PR013;VD031;14;608.87;608.87
1000;183964;2026;19/08/2026;VF;1;PR002;VD027;6;452.95;452.95
1000;183965;2026;19/08/2026;VF;1;PR031;VD024;6;1499.40;1499.40
1000;183965;2026;19/08/2026;VF;2;PR052;VD041;14;754.49;754.49
2000;183965;2026;19/08/2026;VF;3;PR058;VD030;2;363.60;363.60
1000;183966;2026;19/08/2026;VF;1;PR034;VD013;7;667.06;667.06
2000;183967;2026;18/08/2026;VF;1;PR052;VD041;18;970.06;970.06
1000;183968;2026;18/08/2026;VF;1;PR046;VD019;4;1240.77;1240.77
1000;183969;2026;17/08/2026;VF;1;PR056;VD039;14;1334.12;1334.12
1000;183970;2026;17/08/2026;VF;1;PR034;VD042;10;988.90;988.90
2000;183970;2026;17/08/2026;VF;2;PR029;VD043;1;267.75;267.75
1000;183971;2026;16/08/2026;VF;1;PR043;VD023;8;603.20;603.20
1000;183972;2026;16/08/2026;VF;1;PR014;VD035;5;211.47;211.47
1000;183973;2026;16/08/2026;VF;1;PR019;VD018;18;925.15;925.15
1000;183974;2026;16/08/2026;VF;1;PR057;VD028;6;539.40;539.40
1000;183975;2026;15/08/2026;VF;1;PR047;VD047;8;2458.35;2458.35
1000;183976;2026;15/08/2026;VF;1;PR012;VD042;16;837.17;837.17
1000;183976;2026;15/08/2026;VF;2;PR016;VD048;14;391.61;391.61
1000;183976;2026;15/08/2026;VF;3;PR047;VD049;2;620.39;620.39
1000;183977;2026;14/08/2026;VF;1;PR048;VD036;4;1275.56;1275.56
1000;183978;2026;14/08/2026;VF;1;PR020;VD038;4;1235.59;1235.59
2000;183979;2026;14/08/2026;VF;1;PR011;VD018;6;309.54;309.54
1000;183979;2026;14/08/2026;VF;2;PR049;VD043;7;244.12;244.12
2000;183980;2026;14/08/2026;VF;1;PR018;VD033;4;135.55;135.55
1000;183981;2026;14/08/2026;VF;1;PR051;VD010;9;296.10;296.10
1000;183981;2026;14/08/2026;VF;2;PR007;VD041;4;353.91;353.91
1000;183982;2026;14/08/2026;VF;1;PR008;VD046;3;288.58;288.58
1000;183983;2026;14/08/2026;VF;1;PR053;VD029;8;415.17;415.17
2000;183984;2026;14/08/2026;VF;1;PR060;VD015;20;3744.00;3744.00
1000;183985;2026;13/08/2026;VF;1;PR037;VD040;9;1335.60;1335.60
1000;183986;2026;13/08/2026;VF;1;PR050;VD028;2;66.46;66.46
2000;183987;2026;12/08/2026;VF;1;PR013;VD017;8;351.12;351.12
1000;183987;2026;12/08/2026;VF;2;PR024;VD043;10;2650.98;2650.98
1000;183988;2026;12/08/2026;VF;1;PR001;VD038;14;987.18;987.18
1000;183989;2026;12/08/2026;VF;1;PR004;VD019;1;150.80;150.80
1000;183990;2026;11/08/2026;VF;1;PR041;VD017;4;228.38;228.38
1000;183991;2026;11/08/2026;VF;1;PR055;VD040;16;1495.94;1495.94
1000;183992;2026;11/08/2026;VF;1;PR048;VD045;4;1205.98;1205.98
2000;183992;2026;10/08/2026;VF;2;PR024;VD019;4;1112.37;1112.37
1000;183992;2026;10/08/2026;VF;3;PR006;VD023;14;586.53;586.53
1000;183993;2026;10/08/2026;VF;1;PR022;VD029;7;2100.00;2100.00
1000;183994;2026;10/08/2026;VF;1;PR027;VD016;2;242.40;242.40
1000;183995;2026;10/08/2026;VF;1;PR017;VD029;12;380.33;380.33
1000;183996;2026;09/08/2026;VF;1;PR018;VD049;12;410.59;410.59
1000;183996;2026;09/08/2026;VF;2;PR003;VD024;9;638.10;638.10
1000;183997;2026;08/08/2026;VF;1;PR021;VD046;20;6239.74;6239.74
1000;183998;2026;08/08/2026;VF;1;PR018;VD049;8;278.99;278.99
1000;183999;2026;08/08/2026;VF;1;PR047;VD019;8;2527.93;2527.93
1000;184000;2026;07/08/2026;VF;1;PR030;VD043;16;4366.32;4366.32
1000;184001;2026;07/08/2026;VF;1;PR011;VD026;14;709.13;709.13
1000;184001;2026;06/08/2026;VF;2;PR049;VD042;8;289.52;289.52
1000;184001;2026;06/08/2026;VF;3;PR057;VD034;4;366.79;366.79
1000;184002;2026;06/08/2026;VF;1;PR049;VD049;10;361.90;361.90
1000;184002;2026;06/08/2026;VF;2;PR037;VD029;4;588.00;588.00
2000;184003;2026;06/08/2026;VF;1;PR029;VD017;8;2223.60;2223.60
1000;184004;2026;06/08/2026;VF;1;PR007;VD027;18;1592.59;1592.59
1000;184004;2026;06/08/2026;VF;2;PR023;VD044;7;1784.29;1784.29
1000;184005;2026;05/08/2026;VF;1;PR003;VD011;2;143.22;143.22
1000;184006;2026;05/08/2026;VF;1;PR006;VD039;10;402.99;402.99
2000;184006;2026;05/08/2026;VF;2;PR014;VD039;7;304.44;304.44
1000;184006;2026;04/08/2026;VF;3;PR033;VD042;9;2409.27;2409.27
1000;184006;2026;04/08/2026;VF;4;PR017;VD022;2;63.39;63.39
1000;184007;2026;04/08/2026;VF;1;PR038;VD010;7;1070.32;1070.32
1000;184008;2026;04/08/2026;VF;1;PR020;VD038;5;1589.47;1589.47
1000;184009;2026;04/08/2026;VF;1;PR005;VD047;3;849.87;849.87
1000;184010;2026;04/08/2026;VF;1;PR058;VD014;1;190.80;190.80
1000;184011;2026;03/08/2026;VF;1;PR033;VD049;2;571.78;571.78
1000;184012;2026;03/08/2026;VF;1;PR049;VD047;1;34.55;34.55
1000;184012;2026;02/08/2026;VF;2;PR028;VD024;9;2474.01;2474.01
1000;184012;2026;02/08/2026;VF;3;PR034;VD029;8;769.54;769.54
1000;184013;2026;02/08/2026;VF;1;PR057;VD024;8;726.39;726.39
1000;184014;2026;02/08/2026;VF;1;PR007;VD048;14;1322.86;1322.86
2000;184015;2026;02/08/2026;VF;1;PR054;VD036;6;317.36;317.36
1000;184016;2026;02/08/2026;VF;1;PR026;VD016;6;2183.38;2183.38
2000;184017;2026;02/08/2026;VF;1;PR024;VD037;5;1429.45;1429.45
2000;184017;2026;02/08/2026;VF;2;PR044;VD045;8;620.60;620.60
1000;184017;2026;01/08/2026;VF;3;PR045;VD011;12;887.40;887.40
1000;184017;2026;01/08/2026;VF;4;PR060;VD037;8;1483.20;1483.20
1000;184018;2026;31/07/2026;VF;1;PR024;VD048;2;525.00;525.00
1000;184018;2026;31/07/2026;VF;2;PR056;VD038;9;825.28;825.28
1000;184019;2026;30/07/2026;VF;1;PR005;VD029;2;525.00;525.00
2000;184020;2026;30/07/2026;VF;1;PR042;VD036;9;533.63;533.63
1000;184021;2026;29/07/2026;VF;1;PR039;VD013;9;1379.70;1379.70
1000;184022;2026;29/07/2026;VF;1;PR021;VD027;4;1260.06;1260.06
1000;184023;2026;29/07/2026;VF;1;PR047;VD030;10;3043.95;3043.95
1000;184024;2026;28/07/2026;VF;1;PR056;VD015;7;635.59;635.59
1000;184025;2026;28/07/2026;VF;1;PR057;VD010;4;381.18;381.18
1000;184026;2026;28/07/2026;VF;1;PR023;VD021;6;1604.36;1604.36
1000;184027;2026;27/07/2026;VF;1;PR001;VD036;8;574.65;574.65
1000;184028;2026;27/07/2026;VF;1;PR043;VD040;2;155.15;155.15
1000;184029;2026;27/07/2026;VF;1;PR058;VD030;4;720.00;720.00
1000;184030;2026;26/07/2026;VF;1;PR023;VD039;9;2474.01;2474.01
1000;184031;2026;26/07/2026;VF;1;PR012;VD032;12;610.27;610.27
1000;184032;2026;26/07/2026;VF;1;PR026;VD043;2;769.78;769.78
1000;184033;2026;26/07/2026;VF;1;PR002;VD036;8;587.16;587.16
1000;184034;2026;25/07/2026;VF;1;PR028;VD043;4;1049.58;1049.58
1000;184034;2026;25/07/2026;VF;2;PR044;VD021;6;439.35;439.35
1000;184034;2026;24/07/2026;VF;3;PR017;VD026;2;65.18;65.18
1000;184035;2026;24/07/2026;VF;1;PR008;VD027;6;593.34;593.34
1000;184036;2026;24/07/2026;VF;1;PR041;VD018;3;176.23;176.23
1000;184036;2026;24/07/2026;VF;2;PR012;VD013;8;402.94;402.94
1000;184037;2026;24/07/2026;VF;1;PR039;VD027;2;312.44;312.44
1000;184037;2026;24/07/2026;VF;2;PR054;VD036;4;205.59;205.59
1000;184038;2026;24/07/2026;VF;1;PR057;VD021;6;539.40;539.40
1000;184038;2026;24/07/2026;VF;2;PR013;VD010;14;558.60;558.60
1000;184039;2026;23/07/2026;VF;1;PR033;VD038;4;1050.00;1050.00
1000;184040;2026;23/07/2026;VF;1;PR009;VD012;2;187.66;187.66
1000;184041;2026;23/07/2026;VF;1;PR016;VD010;4;106.71;106.71
2000;184041;2026;22/07/2026;VF;2;PR023;VD018;10;2623.95;2623.95
1000;184042;2026;22/07/2026;VF;1;PR031;VD035;10;2646.00;2646.00
1000;184043;2026;21/07/2026;VF;1;PR024;VD031;4;1060.39;1060.39
1000;184044;2026;21/07/2026;VF;1;PR014;VD023;4;172.37;172.37
2000;184045;2026;21/07/2026;VF;1;PR055;VD018;4;366.79;366.79
1000;184046;2026;21/07/2026;VF;1;PR007;VD010;10;910.54;910.54
1000;184047;2026;21/07/2026;VF;1;PR043;VD035;2;150.80;150.80
1000;184047;2026;21/07/2026;VF;2;PR005;VD049;8;2287.12;2287.12
1000;184048;2026;21/07/2026;VF;1;PR006;VD011;2;87.78;87.78
1000;184049;2026;21/07/2026;VF;1;PR053;VD012;2;99.80;99.80
1000;184049;2026;21/07/2026;VF;2;PR042;VD018;10;587.43;587.43
1000;184050;2026;21/07/2026;VF;1;PR060;VD047;16;2937.60;2937.60
1000;184051;2026;21/07/2026;VF;1;PR054;VD019;3;157.19;157.19
1000;184051;2026;21/07/2026;VF;2;PR026;VD036;7;2694.23;2694.23
2000;184051;2026;21/07/2026;VF;3;PR002;VD046;5;356.49;356.49
2000;184052;2026;20/07/2026;VF;1;PR001;VD021;3;213.52;213.52
1000;184053;2026;20/07/2026;VF;1;PR044;VD030;3;232.73;232.73
1000;184054;2026;20/07/2026;VF;1;PR028;VD021;2;529.79;529.79
1000;184055;2026;20/07/2026;VF;1;PR045;VD024;18;1435.50;1435.50
1000;184055;2026;20/07/2026;VF;2;PR052;VD038;8;415.17;415.17
2000;184056;2026;20/07/2026;VF;1;PR024;VD026;4;1122.77;1122.77
1000;184056;2026;20/07/2026;VF;2;PR013;VD028;20;821.94;821.94
1000;184057;2026;19/07/2026;VF;1;PR053;VD049;6;302.39;302.39
1000;184057;2026;19/07/2026;VF;2;PR029;VD029;8;2182.80;2182.80
1000;184058;2026;19/07/2026;VF;1;PR001;VD014;6;423.08;423.08
2000;184059;2026;19/07/2026;VF;1;PR059;VD025;12;2289.60;2289.60
1000;184060;2026;19/07/2026;VF;1;PR039;VD036;8;1203.04;1203.04
2000;184060;2026;18/07/2026;VF;2;PR026;VD026;9;3212.08;3212.08
2000;184061;2026;18/07/2026;VF;1;PR057;VD032;8;726.39;726.39
1000;184062;2026;17/07/2026;VF;1;PR003;VD037;20;1418.00;1418.00
1000;184062;2026;17/07/2026;VF;2;PR050;VD032;2;71.06;71.06
1000;184063;2026;17/07/2026;VF;1;PR027;VD022;6;727.20;727.20
2000;184064;2026;16/07/2026;VF;1;PR018;VD018;8;271.10;271.10
1000;184064;2026;16/07/2026;VF;2;PR038;VD024;3;437.27;437.27
1000;184065;2026;16/07/2026;VF;1;PR046;VD012;12;3617.95;3617.95
1000;184066;2026;16/07/2026;VF;1;PR008;VD023;4;391.96;391.96
2000;184067;2026;16/07/2026;VF;1;PR022;VD018;18;5778.00;5778.00
1000;184068;2026;16/07/2026;VF;1;PR038;VD020;18;2726.53;2726.53
1000;184068;2026;16/07/2026;VF;2;PR045;VD039;6;465.45;465.45
1000;184069;2026;16/07/2026;VF;1;PR005;VD048;9;2456.06;2456.06
1000;184070;2026;15/07/2026;VF;1;PR009;VD048;5;469.15;469.15
1000;184071;2026;15/07/2026;VF;1;PR025;VD016;1;311.90;311.90
1000;184072;2026;15/07/2026;VF;1;PR037;VD045;7;1078.00;1078.00
1000;184073;2026;15/07/2026;VF;1;PR035;VD040;6;559.37;559.37
1000;184074;2026;15/07/2026;VF;1;PR047;VD035;6;1913.34;1913.34
1000;184075;2026;15/07/2026;VF;1;PR021;VD046;1;318.05;318.05
1000;184076;2026;15/07/2026;VF;1;PR019;VD019;12;652.69;652.69
1000;184077;2026;15/07/2026;VF;1;PR053;VD041;8;411.18;411.18
1000;184078;2026;15/07/2026;VF;1;PR051;VD023;7;244.12;244.12
1000;184079;2026;15/07/2026;VF;1;PR047;VD021;2;597.19;597.19
1000;184080;2026;15/07/2026;VF;1;PR048;VD045;4;1275.56;1275.56
1000;184081;2026;15/07/2026;VF;1;PR014;VD049;6;246.58;246.58
1000;184082;2026;14/07/2026;VF;1;PR050;VD019;2;68.43;68.43
2000;184083;2026;14/07/2026;VF;1;PR008;VD038;8;733.58;733.58
1000;184084;2026;14/07/2026;VF;1;PR018;VD022;20;677.74;677.74
1000;184085;2026;14/07/2026;VF;1;PR043;VD025;4;307.40;307.40
1000;184086;2026;14/07/2026;VF;1;PR010;VD026;5;244.71;244.71
1000;184087;2026;14/07/2026;VF;1;PR032;VD015;20;5300.00;5300.00
1000;184088;2026;14/07/2026;VF;1;PR003;VD049;3;223.34;223.34
1000;184089;2026;14/07/2026;VF;1;PR019;VD022;14;705.59;705.59
1000;184090;2026;14/07/2026;VF;1;PR048;VD026;8;2342.39;2342.39
1000;184091;2026;14/07/2026;VF;1;PR032;VD013;10;2575.00;2575.00
1000;184092;2026;14/07/2026;VF;1;PR058;VD041;10;1926.00;1926.00
1000;184093;2026;14/07/2026;VF;1;PR019;VD027;8;411.18;411.18
1000;184093;2026;14/07/2026;VF;2;PR004;VD020;10;1479.00;1479.00
1000;184094;2026;13/07/2026;VF;1;PR043;VD030;4;310.30;310.30
1000;184095;2026;13/07/2026;VF;1;PR031;VD020;10;2548.00;2548.00
2000;184095;2026;13/07/2026;VF;2;PR026;VD023;2;741.79;741.79
1000;184096;2026;12/07/2026;VF;1;PR041;VD032;18;1067.26;1067.26
1000;184096;2026;12/07/2026;VF;2;PR047;VD026;6;1843.76;1843.76
1000;184097;2026;12/07/2026;VF;1;PR029;VD023;2;545.70;545.70
1000;184098;2026;12/07/2026;VF;1;PR018;VD040;18;639.58;639.58
1000;184099;2026;11/07/2026;VF;1;PR025;VD038;8;2399.20;2399.20
1000;184100;2026;11/07/2026;VF;1;PR012;VD035;9;479.71;479.71
1000;184101;2026;11/07/2026;VF;1;PR059;VD019;3;561.60;561.60
1000;184102;2026;11/07/2026;VF;1;PR021;VD014;1;330.16;330.16
2000;184102;2026;11/07/2026;VF;2;PR045;VD043;10;732.25;732.25
2000;184103;2026;10/07/2026;VF;1;PR045;VD044;5;373.38;373.38
1000;184104;2026;10/07/2026;VF;1;PR048;VD018;7;2211.94;2211.94
1000;184105;2026;10/07/2026;VF;1;PR052;VD043;5;259.48;259.48
1000;184106;2026;10/07/2026;VF;1;PR038;VD042;20;3143.80;3143.80
1000;184107;2026;10/07/2026;VF;1;PR032;VD046;5;1375.00;1375.00
1000;184107;2026;10/07/2026;VF;2;PR046;VD018;5;1449.50;1449.50
1000;184108;2026;10/07/2026;VF;1;PR056;VD029;1;96.19;96.19
1000;184109;2026;10/07/2026;VF;1;PR018;VD042;8;289.52;289.52
1000;184110;2026;10/07/2026;VF;1;PR020;VD024;18;5452.18;5452.18
1000;184111;2026;10/07/2026;VF;1;PR011;VD013;2;96.61;96.61
1000;184112;2026;09/07/2026;VF;1;PR025;VD047;2;635.79;635.79
1000;184113;2026;09/07/2026;VF;1;PR044;VD020;9;652.50;652.50
1000;184114;2026;08/07/2026;VF;1;PR054;VD011;2;100.80;100.80
1000;184115;2026;08/07/2026;VF;1;PR004;VD039;14;2212.70;2212.70
1000;184115;2026;07/07/2026;VF;2;PR032;VD017;12;3030.00;3030.00
1000;184116;2026;07/07/2026;VF;1;PR060;VD040;18;3434.40;3434.40
1000;184116;2026;07/07/2026;VF;2;PR041;VD018;1;59.29;59.29
1000;184116;2026;07/07/2026;VF;3;PR029;VD029;6;1575.90;1575.90
1000;184117;2026;07/07/2026;VF;1;PR039;VD034;16;2336.00;2336.00
1000;184118;2026;06/07/2026;VF;1;PR048;VD026;6;1774.19;1774.19
1000;184118;2026;06/07/2026;VF;2;PR015;VD012;2;85.85;85.85
1000;184119;2026;06/07/2026;VF;1;PR051;VD036;10;348.74;348.74
2000;184119;2026;06/07/2026;VF;2;PR060;VD021;12;2246.40;2246.40
2000;184120;2026;05/07/2026;VF;1;PR053;VD047;6;317.36;317.36
1000;184120;2026;05/07/2026;VF;2;PR051;VD016;8;263.20;263.20
1000;184120;2026;05/07/2026;VF;3;PR035;VD016;12;1107.77;1107.77
2000;184120;2026;04/07/2026;VF;4;PR046;VD031;14;4099.19;4099.19
2000;184120;2026;04/07/2026;VF;5;PR057;VD047;12;1121.95;1121.95
1000;184121;2026;03/07/2026;VF;1;PR050;VD031;20;697.48;697.48
1000;184121;2026;03/07/2026;VF;2;PR012;VD020;14;711.98;711.98
1000;184121;2026;03/07/2026;VF;3;PR011;VD038;10;492.45;492.45
1000;184122;2026;02/07/2026;VF;1;PR024;VD041;2;550.99;550.99
1000;184123;2026;02/07/2026;VF;1;PR049;VD017;20;671.16;671.16
1000;184124;2026;01/07/2026;VF;1;PR050;VD011;2;71.06;71.06
2000;184124;2026;01/07/2026;VF;2;PR008;VD046;2;186.99;186.99
2000;184124;2026;01/07/2026;VF;3;PR024;VD039;2;561.38;561.38
1000;184125;2026;30/06/2026;VF;1;PR016;VD028;5;132.09;132.09
1000;184125;2026;30/06/2026;VF;2;PR025;VD047;20;6297.90;6297.90
2000;184126;2026;30/06/2026;VF;1;PR055;VD047;8;783.93;783.93
1000;184126;2026;30/06/2026;VF;2;PR047;VD025;7;2110.47;2110.47
1000;184127;2026;30/06/2026;VF;1;PR001;VD012;12;846.16;846.16
1000;184128;2026;30/06/2026;VF;1;PR017;VD032;18;559.73;559.73
1000;184129;2026;30/06/2026;VF;1;PR031;VD039;2;529.20;529.20
1000;184130;2026;30/06/2026;VF;1;PR059;VD024;14;2570.40;2570.40
1000;184131;2026;30/06/2026;VF;1;PR008;VD046;8;776.74;776.74
1000;184131;2026;30/06/2026;VF;2;PR044;VD037;8;585.80;585.80
1000;184131;2026;29/06/2026;VF;3;PR034;VD020;2;183.40;183.40
1000;184131;2026;29/06/2026;VF;4;PR020;VD014;8;2639.12;2639.12
1000;184132;2026;28/06/2026;VF;1;PR056;VD013;16;1438.40;1438.40
1000;184132;2026;28/06/2026;VF;2;PR057;VD018;14;1346.70;1346.70
1000;184132;2026;28/06/2026;VF;3;PR038;VD031;14;2180.65;2180.65
1000;184133;2026;28/06/2026;VF;1;PR033;VD041;2;535.39;535.39
1000;184134;2026;27/06/2026;VF;1;PR008;VD019;10;934.96;934.96
2000;184135;2026;27/06/2026;VF;1;PR051;VD037;4;135.55;135.55
2000;184136;2026;26/06/2026;VF;1;PR038;VD022;7;1100.33;1100.33
1000;184137;2026;26/06/2026;VF;1;PR009;VD013;2;195.09;195.09
1000;184137;2026;25/06/2026;VF;2;PR017;VD022;8;263.12;263.12
1000;184138;2026;25/06/2026;VF;1;PR036;VD048;14;1374.45;1374.45
1000;184138;2026;25/06/2026;VF;2;PR008;VD014;8;783.93;783.93
1000;184138;2026;24/06/2026;VF;3;PR047;VD019;5;1550.97;1550.97
2000;184139;2026;24/06/2026;VF;1;PR046;VD021;3;930.58;930.58
1000;184140;2026;23/06/2026;VF;1;PR050;VD018;4;144.76;144.76
1000;184141;2026;23/06/2026;VF;1;PR038;VD034;1;148.62;148.62
1000;184142;2026;23/06/2026;VF;1;PR046;VD018;3;947.97;947.97
1000;184142;2026;23/06/2026;VF;2;PR004;VD026;2;301.60;301.60
1000;184143;2026;23/06/2026;VF;1;PR030;VD012;9;2339.10;2339.10
1000;184143;2026;23/06/2026;VF;2;PR019;VD027;1;49.90;49.90
1000;184144;2026;23/06/2026;VF;1;PR019;VD019;20;1027.94;1027.94
1000;184145;2026;23/06/2026;VF;1;PR020;VD038;7;2225.26;2225.26
1000;184146;2026;23/06/2026;VF;1;PR041;VD023;16;887.18;887.18
2000;184147;2026;23/06/2026;VF;1;PR004;VD039;8;1160.00;1160.00
1000;184147;2026;23/06/2026;VF;2;PR028;VD038;6;1544.38;1544.38
1000;184148;2026;22/06/2026;VF;1;PR023;VD012;10;2673.93;2673.93
1000;184149;2026;22/06/2026;VF;1;PR033;VD015;7;1910.27;1910.27
1000;184150;2026;22/06/2026;VF;1;PR014;VD028;10;430.92;430.92
2000;184151;2026;21/06/2026;VF;1;PR003;VD043;12;893.34;893.34
1000;184151;2026;21/06/2026;VF;2;PR037;VD047;16;2307.20;2307.20
1000;184152;2026;21/06/2026;VF;1;PR010;VD048;20;915.96;915.96
1000;184153;2026;21/06/2026;VF;1;PR023;VD034;4;1059.58;1059.58
1000;184154;2026;21/06/2026;VF;1;PR038;VD024;1;142.90;142.90
1000;184155;2026;20/06/2026;VF;1;PR021;VD018;4;1211.60;1211.60
1000;184156;2026;20/06/2026;VF;1;PR022;VD045;20;6000.00;6000.00
1000;184156;2026;19/06/2026;VF;2;PR002;VD023;3;220.19;220.19
1000;184157;2026;19/06/2026;VF;1;PR035;VD010;6;559.37;559.37
2000;184158;2026;19/06/2026;VF;1;PR045;VD031;2;146.45;146.45
1000;184158;2026;18/06/2026;VF;2;PR011;VD040;4;202.61;202.61
2000;184159;2026;18/06/2026;VF;1;PR028;VD010;10;2673.93;2673.93
1000;184160;2026;17/06/2026;VF;1;PR007;VD017;14;1274.76;1274.76
2000;184160;2026;17/06/2026;VF;2;PR052;VD029;6;326.35;326.35
1000;184160;2026;16/06/2026;VF;3;PR046;VD022;4;1263.96;1263.96
1000;184160;2026;16/06/2026;VF;4;PR008;VD038;8;769.54;769.54
1000;184161;2026;16/06/2026;VF;1;PR039;VD038;1;146.00;146.00
2000;184162;2026;15/06/2026;VF;1;PR038;VD012;4;577.32;577.32
1000;184163;2026;15/06/2026;VF;1;PR030;VD035;2;571.78;571.78
1000;184164;2026;15/06/2026;VF;1;PR015;VD013;20;901.00;901.00
1000;184165;2026;14/06/2026;VF;1;PR025;VD021;12;3850.72;3850.72
1000;184166;2026;14/06/2026;VF;1;PR016;VD023;14;398.86;398.86
1000;184167;2026;14/06/2026;VF;1;PR048;VD038;2;620.39;620.39
1000;184168;2026;13/06/2026;VF;1;PR051;VD010;10;342.16;342.16
1000;184169;2026;13/06/2026;VF;1;PR060;VD025;7;1335.60;1335.60
2000;184170;2026;12/06/2026;VF;1;PR056;VD035;4;370.39;370.39
1000;184170;2026;12/06/2026;VF;2;PR033;VD036;1;262.50;262.50
1000;184171;2026;12/06/2026;VF;1;PR040;VD036;8;576.80;576.80
1000;184172;2026;12/06/2026;VF;1;PR045;VD020;6;435.00;435.00
2000;184173;2026;12/06/2026;VF;1;PR017;VD022;10;325.91;325.91
2000;184174;2026;12/06/2026;VF;1;PR033;VD036;10;2780.93;2780.93
1000;184175;2026;12/06/2026;VF;1;PR017;VD025;1;30.20;30.20
1000;184176;2026;12/06/2026;VF;1;PR055;VD037;3;296.67;296.67
1000;184177;2026;12/06/2026;VF;1;PR019;VD027;4;217.56;217.56
1000;184178;2026;11/06/2026;VF;1;PR014;VD018;18;775.66;775.66
1000;184179;2026;11/06/2026;VF;1;PR045;VD036;14;1025.15;1025.15
1000;184180;2026;11/06/2026;VF;1;PR036;VD034;8;770.44;770.44
1000;184181;2026;10/06/2026;VF;1;PR007;VD013;3;278.32;278.32
1000;184182;2026;10/06/2026;VF;1;PR051;VD028;7;230.30;230.30
1000;184183;2026;10/06/2026;VF;1;PR020;VD013;20;6597.80;6597.80
1000;184184;2026;10/06/2026;VF;1;PR021;VD033;6;1999.14;1999.14
1000;184184;2026;09/06/2026;VF;2;PR034;VD017;8;726.39;726.39
2000;184185;2026;09/06/2026;VF;1;PR032;VD016;12;3150.00;3150.00
2000;184186;2026;09/06/2026;VF;1;PR032;VD014;5;1325.00;1325.00
1000;184187;2026;08/06/2026;VF;1;PR053;VD029;8;431.14;431.14
2000;184188;2026;08/06/2026;VF;1;PR014;VD029;20;805.98;805.98
1000;184188;2026;08/06/2026;VF;2;PR005;VD047;2;566.58;566.58
1000;184189;2026;08/06/2026;VF;1;PR008;VD032;18;1715.29;1715.29
1000;184190;2026;07/06/2026;VF;1;PR048;VD044;18;5740.02;5740.02
1000;184190;2026;07/06/2026;VF;2;PR011;VD030;8;390.21;390.21
2000;184191;2026;07/06/2026;VF;1;PR057;VD025;14;1346.70;1346.70
1000;184192;2026;06/06/2026;VF;1;PR029;VD033;3;787.95;787.95
1000;184193;2026;06/06/2026;VF;1;PR053;VD031;7;349.30;349.30
2000;184194;2026;06/06/2026;VF;1;PR018;VD027;10;335.58;335.58
1000;184195;2026;06/06/2026;VF;1;PR048;VD046;12;3757.10;3757.10
1000;184196;2026;06/06/2026;VF;1;PR031;VD011;10;2474.50;2474.50
1000;184197;2026;05/06/2026;VF;1;PR042;VD020;3;169.64;169.64
1000;184198;2026;05/06/2026;VF;1;PR053;VD027;12;604.79;604.79
1000;184199;2026;04/06/2026;VF;1;PR032;VD047;18;4860.00;4860.00
2000;184199;2026;04/06/2026;VF;2;PR015;VD038;12;535.50;535.50
2000;184199;2026;04/06/2026;VF;3;PR059;VD047;14;2671.20;2671.20
1000;184199;2026;04/06/2026;VF;4;PR004;VD022;6;887.40;887.40
2000;184199;2026;04/06/2026;VF;5;PR028;VD026;5;1361.96;1361.96
1000;184200;2026;04/06/2026;VF;1;PR037;VD019;12;1747.20;1747.20
2000;184200;2026;04/06/2026;VF;2;PR031;VD036;6;1499.40;1499.40
1000;184201;2026;04/06/2026;VF;1;PR038;VD033;10;1443.29;1443.29
1000;184202;2026;04/06/2026;VF;1;PR009;VD035;16;1545.86;1545.86
2000;184203;2026;04/06/2026;VF;1;PR041;VD019;3;171.29;171.29
1000;184204;2026;04/06/2026;VF;1;PR026;VD027;12;4618.68;4618.68
1000;184205;2026;04/06/2026;VF;1;PR026;VD030;2;713.80;713.80
1000;184206;2026;03/06/2026;VF;1;PR012;VD027;18;933.01;933.01
1000;184207;2026;03/06/2026;VF;1;PR010;VD025;14;672.60;672.60
1000;184208;2026;03/06/2026;VF;1;PR060;VD033;10;1962.00;1962.00
1000;184209;2026;03/06/2026;VF;1;PR016;VD011;2;51.80;51.80
1000;184210;2026;03/06/2026;VF;1;PR044;VD044;8;580.00;580.00
1000;184211;2026;02/06/2026;VF;1;PR001;VD027;2;133.12;133.12
1000;184212;2026;02/06/2026;VF;1;PR013;VD044;5;215.46;215.46
1000;184213;2026;02/06/2026;VF;1;PR017;VD020;2;61.59;61.59
1000;184214;2026;02/06/2026;VF;1;PR036;VD010;10;935.00;935.00
1000;184215;2026;02/06/2026;VF;1;PR009;VD048;16;1560.72;1560.72
1000;184215;2026;02/06/2026;VF;2;PR009;VD043;2;198.81;198.81
1000;184216;2026;01/06/2026;VF;1;PR001;VD044;1;66.56;66.56
1000;184217;2026;01/06/2026;VF;1;PR056;VD020;10;916.98;916.98
1000;184217;2026;01/06/2026;VF;2;PR008;VD023;2;194.18;194.18
1000;184218;2026;01/06/2026;VF;1;PR051;VD011;10;338.87;338.87
1000;184219;2026;01/06/2026;VF;1;PR037;VD019;4;616.00;616.00
1000;184220;2026;31/05/2026;VF;1;PR055;VD038;20;1923.86;1923.86
1000;184221;2026;31/05/2026;VF;1;PR005;VD049;5;1364.48;1364.48
1000;184222;2026;30/05/2026;VF;1;PR025;VD018;8;2519.16;2519.16
1000;184223;2026;30/05/2026;VF;1;PR034;VD015;2;192.39;192.39
1000;184224;2026;30/05/2026;VF;1;PR048;VD034;20;5855.98;5855.98
1000;184225;2026;29/05/2026;VF;1;PR024;VD046;2;530.20;530.20
1000;184226;2026;29/05/2026;VF;1;PR028;VD014;4;1069.57;1069.57
1000;184227;2026;28/05/2026;VF;1;PR018;VD041;3;102.65;102.65
1000;184228;2026;28/05/2026;VF;1;PR001;VD027;18;1221.79;1221.79
1000;184229;2026;28/05/2026;VF;1;PR021;VD048;2;617.92;617.92
1000;184229;2026;28/05/2026;VF;2;PR012;VD012;3;152.57;152.57
1000;184230;2026;27/05/2026;VF;1;PR035;VD023;1;99.63;99.63
2000;184230;2026;27/05/2026;VF;2;PR006;VD030;16;689.47;689.47
1000;184231;2026;26/05/2026;VF;1;PR053;VD011;8;415.17;415.17
1000;184232;2026;26/05/2026;VF;1;PR009;VD028;8;765.50;765.50
1000;184233;2026;25/05/2026;VF;1;PR004;VD043;8;1194.80;1194.80
1000;184234;2026;25/05/2026;VF;1;PR024;VD027;4;1070.79;1070.79
2000;184235;2026;25/05/2026;VF;1;PR035;VD046;2;190.11;190.11
2000;184235;2026;24/05/2026;VF;2;PR031;VD029;16;3998.40;3998.40
1000;184236;2026;24/05/2026;VF;1;PR052;VD043;10;528.94;528.94
1000;184237;2026;24/05/2026;VF;1;PR044;VD023;1;77.58;77.58
1000;184238;2026;24/05/2026;VF;1;PR047;VD041;9;2870.01;2870.01
1000;184239;2026;24/05/2026;VF;1;PR023;VD021;3;764.69;764.69
1000;184240;2026;24/05/2026;VF;1;PR036;VD022;20;1926.10;1926.10
1000;184241;2026;24/05/2026;VF;1;PR048;VD013;10;3043.95;3043.95
1000;184242;2026;23/05/2026;VF;1;PR056;VD036;10;943.95;943.95
1000;184243;2026;23/05/2026;VF;1;PR018;VD011;9;319.79;319.79
1000;184244;2026;23/05/2026;VF;1;PR017;VD020;8;241.59;241.59
1000;184245;2026;23/05/2026;VF;1;PR048;VD046;10;3101.93;3101.93
1000;184246;2026;23/05/2026;VF;1;PR014;VD029;18;718.20;718.20
1000;184247;2026;23/05/2026;VF;1;PR008;VD020;1;90.80;90.80
1000;184248;2026;22/05/2026;VF;1;PR032;VD042;7;1872.50;1872.50
1000;184248;2026;22/05/2026;VF;2;PR024;VD028;20;5561.86;5561.86
1000;184249;2026;22/05/2026;VF;1;PR047;VD020;12;3722.32;3722.32
1000;184250;2026;21/05/2026;VF;1;PR033;VD031;4;1091.58;1091.58
1000;184250;2026;21/05/2026;VF;2;PR017;VD024;2;65.18;65.18
1000;184251;2026;21/05/2026;VF;1;PR022;VD029;18;5832.00;5832.00
1000;184252;2026;21/05/2026;VF;1;PR022;VD011;2;624.00;624.00
1000;184252;2026;20/05/2026;VF;2;PR038;VD032;8;1188.93;1188.93
1000;184253;2026;20/05/2026;VF;1;PR060;VD047;16;3139.20;3139.20
1000;184254;2026;20/05/2026;VF;1;PR049;VD035;3;102.65;102.65
1000;184255;2026;20/05/2026;VF;1;PR035;VD045;5;466.14;466.14
1000;184256;2026;19/05/2026;VF;1;PR017;VD032;18;559.73;559.73
1000;184257;2026;19/05/2026;VF;1;PR060;VD020;9;1684.80;1684.80
2000;184258;2026;18/05/2026;VF;1;PR036;VD046;10;1028.50;1028.50
1000;184258;2026;18/05/2026;VF;2;PR043;VD022;2;153.70;153.70
1000;184259;2026;18/05/2026;VF;1;PR007;VD041;2;187.26;187.26
1000;184260;2026;18/05/2026;VF;1;PR037;VD043;9;1297.80;1297.80
1000;184261;2026;18/05/2026;VF;1;PR030;VD010;18;5146.02;5146.02
2000;184262;2026;18/05/2026;VF;1;PR049;VD049;4;142.13;142.13
1000;184262;2026;18/05/2026;VF;2;PR024;VD033;5;1312.50;1312.50
1000;184262;2026;18/05/2026;VF;3;PR025;VD027;16;5278.24;5278.24
2000;184263;2026;18/05/2026;VF;1;PR040;VD020;5;385.00;385.00
1000;184264;2026;17/05/2026;VF;1;PR012;VD042;6;316.87;316.87
1000;184265;2026;17/05/2026;VF;1;PR050;VD039;2;65.80;65.80
1000;184265;2026;17/05/2026;VF;2;PR036;VD010;8;755.48;755.48
1000;184266;2026;17/05/2026;VF;1;PR031;VD030;9;2227.05;2227.05
1000;184267;2026;16/05/2026;VF;1;PR060;VD045;3;556.20;556.20
1000;184267;2026;16/05/2026;VF;2;PR028;VD038;1;249.90;249.90
1000;184267;2026;16/05/2026;VF;3;PR056;VD031;18;1747.66;1747.66
1000;184268;2026;16/05/2026;VF;1;PR055;VD041;6;550.19;550.19
1000;184268;2026;16/05/2026;VF;2;PR058;VD027;18;3531.60;3531.60
1000;184269;2026;16/05/2026;VF;1;PR021;VD025;10;3271.32;3271.32
1000;184269;2026;15/05/2026;VF;2;PR019;VD033;6;314.37;314.37
1000;184270;2026;15/05/2026;VF;1;PR024;VD014;20;5613.84;5613.84
1000;184271;2026;15/05/2026;VF;1;PR042;VD042;3;171.29;171.29
1000;184272;2026;15/05/2026;VF;1;PR041;VD012;1;55.45;55.45
1000;184272;2026;15/05/2026;VF;2;PR055;VD040;4;373.98;373.98
1000;184273;2026;15/05/2026;VF;1;PR011;VD018;8;378.95;378.95
2000;184273;2026;15/05/2026;VF;2;PR053;VD016;16;830.34;830.34
1000;184274;2026;14/05/2026;VF;1;PR044;VD012;8;614.80;614.80
1000;184275;2026;14/05/2026;VF;1;PR024;VD036;16;4283.15;4283.15
2000;184276;2026;14/05/2026;VF;1;PR029;VD017;8;2182.80;2182.80
1000;184277;2026;14/05/2026;VF;1;PR039;VD037;16;2429.44;2429.44
2000;184278;2026;14/05/2026;VF;1;PR002;VD015;1;72.00;72.00
2000;184279;2026;13/05/2026;VF;1;PR007;VD035;2;185.54;185.54
1000;184279;2026;13/05/2026;VF;2;PR012;VD027;6;296.33;296.33
1000;184280;2026;13/05/2026;VF;1;PR034;VD017;3;275.09;275.09
2000;184280;2026;13/05/2026;VF;2;PR039;VD020;14;2125.76;2125.76
1000;184281;2026;12/05/2026;VF;1;PR015;VD048;6;267.75;267.75
2000;184281;2026;12/05/2026;VF;2;PR029;VD043;5;1300.50;1300.50
1000;184282;2026;11/05/2026;VF;1;PR016;VD039;4;111.89;111.89
1000;184283;2026;11/05/2026;VF;1;PR012;VD037;2;99.76;99.76
1000;184283;2026;10/05/2026;VF;2;PR020;VD014;2;659.78;659.78
1000;184284;2026;10/05/2026;VF;1;PR043;VD039;8;585.80;585.80
1000;184284;2026;09/05/2026;VF;2;PR059;VD039;14;2620.80;2620.80
1000;184285;2026;09/05/2026;VF;1;PR053;VD035;1;51.40;51.40
1000;184286;2026;09/05/2026;VF;1;PR016;VD041;10;271.95;271.95
1000;184286;2026;09/05/2026;VF;2;PR038;VD031;8;1177.50;1177.50
1000;184287;2026;09/05/2026;VF;1;PR059;VD045;2;378.00;378.00
2000;184288;2026;09/05/2026;VF;1;PR047;VD018;16;4731.17;4731.17
1000;184289;2026;09/05/2026;VF;1;PR011;VD032;2;95.68;95.68
1000;184290;2026;08/05/2026;VF;1;PR054;VD046;8;431.14;431.14
1000;184291;2026;08/05/2026;VF;1;PR058;VD033;10;1980.00;1980.00
2000;184292;2026;07/05/2026;VF;1;PR002;VD043;16;1118.40;1118.40
1000;184293;2026;07/05/2026;VF;1;PR052;VD025;8;439.12;439.12
1000;184294;2026;07/05/2026;VF;1;PR002;VD029;8;559.20;559.20
1000;184295;2026;07/05/2026;VF;1;PR050;VD026;18;604.04;604.04
1000;184296;2026;07/05/2026;VF;1;PR040;VD031;4;282.80;282.80
1000;184297;2026;07/05/2026;VF;1;PR021;VD049;2;623.97;623.97
1000;184298;2026;07/05/2026;VF;1;PR028;VD011;2;504.80;504.80
1000;184299;2026;06/05/2026;VF;1;PR020;VD019;6;1907.36;1907.36
1000;184300;2026;06/05/2026;VF;1;PR052;VD030;20;1097.80;1097.80
2000;184300;2026;06/05/2026;VF;2;PR033;VD017;9;2479.45;2479.45
1000;184301;2026;06/05/2026;VF;1;PR016;VD039;4;103.60;103.60
1000;184301;2026;06/05/2026;VF;2;PR034;VD028;20;1905.88;1905.88
1000;184302;2026;06/05/2026;VF;1;PR014;VD047;4;165.98;165.98
1000;184302;2026;06/05/2026;VF;2;PR048;VD034;4;1171.20;1171.20
2000;184303;2026;06/05/2026;VF;1;PR040;VD021;4;282.80;282.80
1000;184304;2026;06/05/2026;VF;1;PR055;VD041;8;740.78;740.78
1000;184305;2026;06/05/2026;VF;1;PR035;VD039;6;581.30;581.30
1000;184305;2026;05/05/2026;VF;2;PR007;VD021;8;755.92;755.92
1000;184306;2026;05/05/2026;VF;1;PR020;VD024;2;599.80;599.80
1000;184307;2026;05/05/2026;VF;1;PR052;VD040;10;508.98;508.98
2000;184307;2026;05/05/2026;VF;2;PR003;VD017;20;1559.80;1559.80
2000;184308;2026;04/05/2026;VF;1;PR018;VD011;16;568.51;568.51
1000;184309;2026;04/05/2026;VF;1;PR012;VD035;14;684.60;684.60
2000;184310;2026;04/05/2026;VF;1;PR019;VD032;14;761.47;761.47
2000;184310;2026;03/05/2026;VF;2;PR026;VD021;14;5339.47;5339.47
1000;184311;2026;03/05/2026;VF;1;PR049;VD031;18;633.65;633.65
2000;184311;2026;03/05/2026;VF;2;PR012;VD026;5;244.50;244.50
1000;184312;2026;03/05/2026;VF;1;PR015;VD033;20;918.00;918.00
1000;184313;2026;03/05/2026;VF;1;PR036;VD017;5;467.50;467.50
1000;184314;2026;03/05/2026;VF;1;PR013;VD041;8;322.39;322.39
1000;184315;2026;02/05/2026;VF;1;PR015;VD027;2;89.25;89.25
1000;184316;2026;02/05/2026;VF;1;PR024;VD049;2;556.19;556.19
2000;184317;2026;01/05/2026;VF;1;PR042;VD025;2;116.39;116.39
1000;184317;2026;01/05/2026;VF;2;PR047;VD039;20;5913.96;5913.96
1000;184317;2026;01/05/2026;VF;3;PR010;VD045;8;373.57;373.57
1000;184318;2026;01/05/2026;VF;1;PR004;VD047;2;290.00;290.00
2000;184319;2026;01/05/2026;VF;1;PR028;VD027;8;2159.14;2159.14
1000;184320;2026;30/04/2026;VF;1;PR029;VD025;4;1050.60;1050.60
1000;184321;2026;30/04/2026;VF;1;PR046;VD042;10;3014.96;3014.96
1000;184322;2026;30/04/2026;VF;1;PR043;VD041;10;754.00;754.00
2000;184323;2026;30/04/2026;VF;1;PR034;VD032;8;726.39;726.39
1000;184324;2026;29/04/2026;VF;1;PR041;VD044;6;335.99;335.99
1000;184324;2026;29/04/2026;VF;2;PR004;VD041;12;1879.20;1879.20
1000;184325;2026;29/04/2026;VF;1;PR041;VD033;6;335.99;335.99
1000;184326;2026;29/04/2026;VF;1;PR048;VD028;10;3101.93;3101.93
1000;184327;2026;29/04/2026;VF;1;PR051;VD025;14;502.05;502.05
1000;184328;2026;29/04/2026;VF;1;PR025;VD016;10;3058.98;3058.98
1000;184329;2026;29/04/2026;VF;1;PR055;VD029;2;195.98;195.98
1000;184329;2026;29/04/2026;VF;2;PR043;VD042;18;1318.05;1318.05
1000;184330;2026;29/04/2026;VF;1;PR010;VD015;12;538.80;538.80
1000;184331;2026;29/04/2026;VF;1;PR043;VD025;8;591.60;591.60
1000;184332;2026;29/04/2026;VF;1;PR041;VD028;6;335.99;335.99
1000;184333;2026;29/04/2026;VF;1;PR001;VD031;8;574.65;574.65
1000;184334;2026;28/04/2026;VF;1;PR007;VD044;3;257.70;257.70
2000;184335;2026;28/04/2026;VF;1;PR032;VD019;6;1515.00;1515.00
1000;184336;2026;28/04/2026;VF;1;PR040;VD035;2;142.80;142.80
1000;184336;2026;28/04/2026;VF;2;PR027;VD020;12;1555.20;1555.20
1000;184336;2026;28/04/2026;VF;3;PR021;VD025;8;2447.43;2447.43
2000;184336;2026;28/04/2026;VF;4;PR007;VD010;14;1310.83;1310.83
1000;184337;2026;27/04/2026;VF;1;PR049;VD023;4;138.18;138.18
1000;184338;2026;27/04/2026;VF;1;PR011;VD045;7;341.43;341.43
1000;184339;2026;27/04/2026;VF;1;PR014;VD015;16;644.78;644.78
1000;184339;2026;27/04/2026;VF;2;PR021;VD040;18;5942.90;5942.90
1000;184339;2026;27/04/2026;VF;3;PR011;VD027;8;408.97;408.97
1000;184340;2026;26/04/2026;VF;1;PR003;VD019;3;212.70;212.70
1000;184340;2026;26/04/2026;VF;2;PR045;VD016;5;380.63;380.63
1000;184341;2026;26/04/2026;VF;1;PR056;VD013;3;293.97;293.97
1000;184342;2026;26/04/2026;VF;1;PR039;VD025;18;2733.12;2733.12
1000;184343;2026;25/04/2026;VF;1;PR001;VD025;9;610.89;610.89
1000;184344;2026;25/04/2026;VF;1;PR004;VD021;10;1537.00;1537.00
1000;184344;2026;25/04/2026;VF;2;PR026;VD011;3;1060.20;1060.20
1000;184345;2026;25/04/2026;VF;1;PR013;VD025;18;732.56;732.56
1000;184346;2026;25/04/2026;VF;1;PR033;VD023;7;2001.23;2001.23
1000;184347;2026;24/04/2026;VF;1;PR052;VD022;5;254.49;254.49
2000;184348;2026;24/04/2026;VF;1;PR028;VD024;18;4498.20;4498.20
1000;184349;2026;24/04/2026;VF;1;PR032;VD026;7;1785.00;1785.00
1000;184349;2026;24/04/2026;VF;2;PR014;VD019;2;85.39;85.39
1000;184350;2026;23/04/2026;VF;1;PR027;VD011;4;513.60;513.60
1000;184351;2026;23/04/2026;VF;1;PR054;VD039;10;528.94;528.94
1000;184352;2026;22/04/2026;VF;1;PR050;VD016;4;139.50;139.50
1000;184353;2026;22/04/2026;VF;1;PR041;VD027;10;592.92;592.92
1000;184354;2026;22/04/2026;VF;1;PR046;VD020;12;3513.59;3513.59
1000;184355;2026;22/04/2026;VF;1;PR039;VD048;12;1752.00;1752.00
2000;184356;2026;22/04/2026;VF;1;PR008;VD033;8;776.74;776.74
1000;184356;2026;21/04/2026;VF;2;PR035;VD011;2;186.46;186.46
2000;184356;2026;21/04/2026;VF;3;PR026;VD025;16;5710.37;5710.37
2000;184357;2026;20/04/2026;VF;1;PR059;VD033;20;3924.00;3924.00
1000;184358;2026;20/04/2026;VF;1;PR033;VD035;6;1652.96;1652.96
1000;184359;2026;20/04/2026;VF;1;PR044;VD034;6;439.35;439.35
2000;184360;2026;20/04/2026;VF;1;PR050;VD026;1;33.56;33.56
1000;184361;2026;20/04/2026;VF;1;PR019;VD010;6;323.35;323.35
1000;184362;2026;20/04/2026;VF;1;PR058;VD019;16;2908.80;2908.80
1000;184363;2026;20/04/2026;VF;1;PR024;VD015;5;1390.47;1390.47
2000;184363;2026;20/04/2026;VF;2;PR022;VD049;20;6540.00;6540.00
1000;184364;2026;19/04/2026;VF;1;PR015;VD010;4;185.30;185.30
1000;184365;2026;19/04/2026;VF;1;PR005;VD043;7;1910.27;1910.27
1000;184365;2026;19/04/2026;VF;2;PR048;VD012;2;626.18;626.18
1000;184365;2026;19/04/2026;VF;3;PR024;VD025;10;2858.90;2858.90
1000;184366;2026;19/04/2026;VF;1;PR019;VD035;8;419.16;419.16
1000;184366;2026;19/04/2026;VF;2;PR029;VD038;9;2478.60;2478.60
1000;184367;2026;18/04/2026;VF;1;PR043;VD045;18;1396.35;1396.35
1000;184368;2026;18/04/2026;VF;1;PR039;VD042;2;315.36;315.36
1000;184368;2026;18/04/2026;VF;2;PR003;VD010;9;689.15;689.15
2000;184369;2026;18/04/2026;VF;1;PR002;VD042;10;726.96;726.96
1000;184370;2026;18/04/2026;VF;1;PR015;VD037;9;416.93;416.93
1000;184371;2026;18/04/2026;VF;1;PR017;VD049;6;182.99;182.99
1000;184372;2026;18/04/2026;VF;1;PR031;VD021;8;1999.20;1999.20
2000;184373;2026;18/04/2026;VF;1;PR053;VD041;1;54.39;54.39
1000;184374;2026;17/04/2026;VF;1;PR016;VD042;6;166.28;166.28
1000;184374;2026;17/04/2026;VF;2;PR016;VD048;5;132.09;132.09
1000;184374;2026;16/04/2026;VF;3;PR002;VD025;18;1295.95;1295.95
2000;184375;2026;16/04/2026;VF;1;PR039;VD046;8;1214.72;1214.72
1000;184375;2026;16/04/2026;VF;2;PR020;VD017;8;2423.19;2423.19
1000;184376;2026;16/04/2026;VF;1;PR050;VD028;10;345.45;345.45
1000;184377;2026;16/04/2026;VF;1;PR018;VD044;2;67.12;67.12
1000;184378;2026;16/04/2026;VF;1;PR013;VD035;9;395.01;395.01
1000;184379;2026;16/04/2026;VF;1;PR059;VD047;12;2311.20;2311.20
1000;184379;2026;16/04/2026;VF;2;PR027;VD026;1;127.20;127.20
1000;184379;2026;16/04/2026;VF;3;PR011;VD026;6;284.21;284.21
1000;184380;2026;16/04/2026;VF;1;PR017;VD033;6;188.37;188.37
1000;184381;2026;16/04/2026;VF;1;PR003;VD015;3;212.70;212.70
1000;184381;2026;15/04/2026;VF;2;PR017;VD017;10;307.97;307.97
2000;184381;2026;15/04/2026;VF;3;PR011;VD037;10;492.45;492.45
1000;184382;2026;15/04/2026;VF;1;PR031;VD024;4;1019.20;1019.20
1000;184382;2026;14/04/2026;VF;2;PR011;VD030;16;825.44;825.44
2000;184382;2026;14/04/2026;VF;3;PR035;VD025;9;888.41;888.41
1000;184383;2026;14/04/2026;VF;1;PR043;VD030;20;1464.50;1464.50
1000;184384;2026;14/04/2026;VF;1;PR060;VD017;7;1373.40;1373.40
1000;184385;2026;14/04/2026;VF;1;PR026;VD049;14;5094.54;5094.54
2000;184385;2026;13/04/2026;VF;2;PR040;VD026;1;74.20;74.20
1000;184386;2026;13/04/2026;VF;1;PR029;VD024;9;2363.85;2363.85
1000;184386;2026;13/04/2026;VF;2;PR002;VD040;8;570.38;570.38
2000;184386;2026;13/04/2026;VF;3;PR016;VD026;10;259.00;259.00
1000;184386;2026;13/04/2026;VF;4;PR018;VD029;9;307.94;307.94
1000;184387;2026;12/04/2026;VF;1;PR021;VD010;3;935.96;935.96
2000;184388;2026;12/04/2026;VF;1;PR004;VD041;12;1809.60;1809.60
2000;184389;2026;12/04/2026;VF;1;PR044;VD039;5;387.88;387.88
1000;184390;2026;12/04/2026;VF;1;PR028;VD026;1;259.90;259.90
1000;184391;2026;12/04/2026;VF;1;PR024;VD036;2;540.59;540.59
1000;184392;2026;12/04/2026;VF;1;PR004;VD020;10;1464.50;1464.50
1000;184393;2026;11/04/2026;VF;1;PR004;VD011;16;2528.80;2528.80
1000;184393;2026;11/04/2026;VF;2;PR007;VD023;4;343.60;343.60
2000;184393;2026;11/04/2026;VF;3;PR020;VD015;18;5830.06;5830.06
1000;184394;2026;11/04/2026;VF;1;PR051;VD046;6;213.19;213.19
1000;184395;2026;10/04/2026;VF;1;PR057;VD017;5;454.00;454.00
1000;184396;2026;10/04/2026;VF;1;PR035;VD017;12;1173.58;1173.58
1000;184397;2026;10/04/2026;VF;1;PR049;VD023;9;302.02;302.02
1000;184398;2026;09/04/2026;VF;1;PR054;VD036;18;952.09;952.09
1000;184399;2026;09/04/2026;VF;1;PR056;VD032;2;188.79;188.79
2000;184400;2026;09/04/2026;VF;1;PR055;VD025;1;89.90;89.90
1000;184401;2026;09/04/2026;VF;1;PR027;VD021;12;1555.20;1555.20
2000;184402;2026;09/04/2026;VF;1;PR013;VD044;4;173.96;173.96
1000;184403;2026;08/04/2026;VF;1;PR050;VD024;9;310.91;310.91
1000;184403;2026;08/04/2026;VF;2;PR036;VD016;6;566.61;566.61
1000;184404;2026;07/04/2026;VF;1;PR005;VD028;10;2832.91;2832.91
1000;184404;2026;07/04/2026;VF;2;PR032;VD035;6;1605.00;1605.00
1000;184405;2026;07/04/2026;VF;1;PR002;VD012;14;1037.32;1037.32
1000;184406;2026;07/04/2026;VF;1;PR015;VD032;10;437.75;437.75
1000;184407;2026;07/04/2026;VF;1;PR038;VD021;4;571.60;571.60
1000;184408;2026;07/04/2026;VF;1;PR043;VD040;8;580.00;580.00
1000;184409;2026;07/04/2026;VF;1;PR060;VD035;8;1440.00;1440.00
1000;184410;2026;07/04/2026;VF;1;PR056;VD045;6;560.98;560.98
1000;184410;2026;07/04/2026;VF;2;PR053;VD028;6;311.38;311.38
1000;184411;2026;06/04/2026;VF;1;PR015;VD037;2;85.00;85.00
1000;184412;2026;06/04/2026;VF;1;PR044;VD043;4;310.30;310.30
1000;184413;2026;06/04/2026;VF;1;PR058;VD013;5;954.00;954.00
2000;184414;2026;05/04/2026;VF;1;PR006;VD016;7;296.06;296.06
1000;184415;2026;05/04/2026;VF;1;PR023;VD021;14;3638.54;3638.54
2000;184416;2026;04/04/2026;VF;1;PR055;VD038;5;449.50;449.50
1000;184417;2026;04/04/2026;VF;1;PR006;VD046;7;293.27;293.27
2000;184418;2026;04/04/2026;VF;1;PR033;VD049;8;2287.12;2287.12
2000;184418;2026;04/04/2026;VF;2;PR028;VD039;8;2119.15;2119.15
1000;184418;2026;04/04/2026;VF;3;PR047;VD049;2;608.79;608.79
1000;184419;2026;04/04/2026;VF;1;PR030;VD040;10;2728.95;2728.95
1000;184420;2026;04/04/2026;VF;1;PR017;VD043;2;61.59;61.59
2000;184421;2026;04/04/2026;VF;1;PR018;VD012;16;536.93;536.93
1000;184422;2026;03/04/2026;VF;1;PR044;VD023;10;768.50;768.50
1000;184423;2026;03/04/2026;VF;1;PR053;VD029;12;628.74;628.74
1000;184424;2026;02/04/2026;VF;1;PR025;VD015;7;2183.27;2183.27
1000;184425;2026;02/04/2026;VF;1;PR021;VD030;18;5670.29;5670.29
1000;184426;2026;02/04/2026;VF;1;PR054;VD026;10;523.95;523.95
1000;184426;2026;02/04/2026;VF;2;PR002;VD019;2;153.78;153.78
1000;184426;2026;01/04/2026;VF;3;PR022;VD029;6;1980.00;1980.00
1000;184426;2026;01/04/2026;VF;4;PR058;VD024;5;954.00;954.00
2000;184427;2026;31/03/2026;VF;1;PR055;VD044;10;970.92;970.92
1000;184427;2026;31/03/2026;VF;2;PR027;VD018;4;480.00;480.00
1000;184428;2026;31/03/2026;VF;1;PR031;VD046;5;1249.50;1249.50
2000;184429;2026;30/03/2026;VF;1;PR021;VD019;20;6300.32;6300.32
1000;184429;2026;30/03/2026;VF;2;PR001;VD029;2;135.75;135.75
1000;184429;2026;30/03/2026;VF;3;PR055;VD043;4;377.58;377.58
1000;184430;2026;29/03/2026;VF;1;PR053;VD033;3;164.67;164.67
1000;184430;2026;29/03/2026;VF;2;PR024;VD032;8;2183.16;2183.16
1000;184430;2026;28/03/2026;VF;3;PR042;VD041;16;931.10;931.10
1000;184431;2026;28/03/2026;VF;1;PR021;VD032;14;4240.60;4240.60
1000;184432;2026;28/03/2026;VF;1;PR056;VD016;12;1175.89;1175.89
2000;184433;2026;28/03/2026;VF;1;PR006;VD012;14;592.12;592.12
1000;184434;2026;27/03/2026;VF;1;PR029;VD043;2;515.10;515.10
2000;184435;2026;27/03/2026;VF;1;PR037;VD039;9;1335.60;1335.60
2000;184435;2026;27/03/2026;VF;2;PR028;VD040;2;499.80;499.80
1000;184435;2026;27/03/2026;VF;3;PR054;VD012;18;961.07;961.07
1000;184436;2026;27/03/2026;VF;1;PR023;VD036;6;1514.39;1514.39
1000;184437;2026;27/03/2026;VF;1;PR041;VD013;9;503.98;503.98
2000;184438;2026;27/03/2026;VF;1;PR012;VD015;10;518.34;518.34
1000;184439;2026;27/03/2026;VF;1;PR053;VD021;18;898.20;898.20
1000;184440;2026;27/03/2026;VF;1;PR038;VD013;2;311.52;311.52
1000;184440;2026;26/03/2026;VF;2;PR009;VD022;12;1181.69;1181.69
1000;184441;2026;26/03/2026;VF;1;PR019;VD025;14;705.59;705.59
1000;184442;2026;25/03/2026;VF;1;PR029;VD018;1;257.55;257.55
1000;184443;2026;25/03/2026;VF;1;PR032;VD018;2;520.00;520.00
1000;184443;2026;25/03/2026;VF;2;PR048;VD042;2;585.60;585.60
2000;184443;2026;24/03/2026;VF;3;PR044;VD042;8;626.40;626.40
1000;184444;2026;24/03/2026;VF;1;PR007;VD019;3;280.89;280.89
1000;184445;2026;24/03/2026;VF;1;PR018;VD029;20;717.22;717.22
1000;184446;2026;23/03/2026;VF;1;PR017;VD028;9;279.86;279.86
1000;184447;2026;23/03/2026;VF;1;PR053;VD014;8;419.16;419.16
2000;184448;2026;23/03/2026;VF;1;PR059;VD015;1;181.80;181.80
2000;184449;2026;22/03/2026;VF;1;PR014;VD018;16;651.17;651.17
1000;184449;2026;22/03/2026;VF;2;PR022;VD032;10;3150.00;3150.00
2000;184450;2026;21/03/2026;VF;1;PR007;VD028;10;859.00;859.00
1000;184451;2026;21/03/2026;VF;1;PR035;VD049;8;775.07;775.07
2000;184452;2026;20/03/2026;VF;1;PR024;VD037;5;1299.50;1299.50
1000;184453;2026;20/03/2026;VF;1;PR057;VD033;14;1296.36;1296.36
1000;184453;2026;19/03/2026;VF;2;PR047;VD037;3;913.19;913.19
1000;184453;2026;19/03/2026;VF;3;PR035;VD042;20;1937.68;1937.68
1000;184453;2026;19/03/2026;VF;4;PR007;VD026;3;270.59;270.59
1000;184454;2026;19/03/2026;VF;1;PR002;VD013;5;373.97;373.97
1000;184455;2026;19/03/2026;VF;1;PR035;VD036;2;184.63;184.63
1000;184456;2026;19/03/2026;VF;1;PR049;VD026;10;348.74;348.74
1000;184457;2026;19/03/2026;VF;1;PR048;VD019;14;4139.77;4139.77
2000;184458;2026;19/03/2026;VF;1;PR058;VD029;5;918.00;918.00
1000;184459;2026;19/03/2026;VF;1;PR032;VD038;8;2080.00;2080.00
1000;184459;2026;19/03/2026;VF;2;PR009;VD032;20;1969.48;1969.48
1000;184460;2026;19/03/2026;VF;1;PR060;VD032;5;927.00;927.00
2000;184460;2026;19/03/2026;VF;2;PR026;VD026;14;5290.49;5290.49
1000;184461;2026;18/03/2026;VF;1;PR012;VD035;16;852.82;852.82
1000;184461;2026;18/03/2026;VF;2;PR036;VD046;5;514.25;514.25
1000;184461;2026;18/03/2026;VF;3;PR022;VD011;9;2835.00;2835.00
1000;184462;2026;18/03/2026;VF;1;PR030;VD023;8;2245.54;2245.54
1000;184463;2026;18/03/2026;VF;1;PR019;VD039;16;822.35;822.35
1000;184464;2026;18/03/2026;VF;1;PR016;VD018;9;244.76;244.76
1000;184464;2026;18/03/2026;VF;2;PR014;VD027;10;410.97;410.97
1000;184465;2026;18/03/2026;VF;1;PR044;VD025;14;1116.50;1116.50
1000;184466;2026;17/03/2026;VF;1;PR014;VD024;5;203.49;203.49
1000;184467;2026;17/03/2026;VF;1;PR019;VD043;12;604.79;604.79
2000;184467;2026;16/03/2026;VF;2;PR003;VD039;5;354.50;354.50
1000;184467;2026;16/03/2026;VF;3;PR054;VD019;4;217.56;217.56
1000;184468;2026;16/03/2026;VF;1;PR003;VD030;5;386.41;386.41
1000;184469;2026;15/03/2026;VF;1;PR033;VD025;2;550.99;550.99
1000;184470;2026;15/03/2026;VF;1;PR054;VD028;5;274.45;274.45
1000;184471;2026;14/03/2026;VF;1;PR050;VD043;4;132.92;132.92
1000;184472;2026;14/03/2026;VF;1;PR029;VD021;6;1683.00;1683.00
2000;184473;2026;14/03/2026;VF;1;PR057;VD033;6;566.37;566.37
1000;184474;2026;14/03/2026;VF;1;PR006;VD028;16;689.47;689.47
1000;184474;2026;14/03/2026;VF;2;PR006;VD032;8;347.93;347.93
1000;184474;2026;14/03/2026;VF;3;PR014;VD028;7;290.47;290.47
1000;184474;2026;13/03/2026;VF;4;PR027;VD042;8;960.00;960.00
1000;184475;2026;13/03/2026;VF;1;PR004;VD012;4;620.60;620.60
1000;184476;2026;12/03/2026;VF;1;PR020;VD018;10;3118.96;3118.96
1000;184477;2026;12/03/2026;VF;1;PR004;VD032;14;2172.10;2172.10
1000;184478;2026;12/03/2026;VF;1;PR014;VD036;3;124.49;124.49
1000;184479;2026;12/03/2026;VF;1;PR033;VD011;12;3149.99;3149.99
2000;184480;2026;12/03/2026;VF;1;PR049;VD021;5;164.50;164.50
1000;184481;2026;12/03/2026;VF;1;PR021;VD045;16;5088.72;5088.72
2000;184481;2026;12/03/2026;VF;2;PR018;VD017;8;268.46;268.46
1000;184482;2026;11/03/2026;VF;1;PR038;VD028;6;908.84;908.84
2000;184482;2026;11/03/2026;VF;2;PR037;VD019;5;707.00;707.00
1000;184483;2026;10/03/2026;VF;1;PR041;VD024;10;576.45;576.45
1000;184484;2026;10/03/2026;VF;1;PR014;VD034;6;260.95;260.95
1000;184485;2026;10/03/2026;VF;1;PR002;VD041;8;609.53;609.53
1000;184486;2026;10/03/2026;VF;1;PR023;VD035;6;1604.36;1604.36
1000;184487;2026;10/03/2026;VF;1;PR008;VD043;8;726.39;726.39
2000;184488;2026;10/03/2026;VF;1;PR053;VD037;8;415.17;415.17
2000;184489;2026;10/03/2026;VF;1;PR014;VD026;3;129.28;129.28
1000;184490;2026;10/03/2026;VF;1;PR028;VD015;2;544.78;544.78
2000;184491;2026;10/03/2026;VF;1;PR059;VD028;8;1440.00;1440.00
1000;184492;2026;09/03/2026;VF;1;PR053;VD031;6;329.34;329.34
2000;184493;2026;09/03/2026;VF;1;PR005;VD046;14;3674.99;3674.99
1000;184494;2026;09/03/2026;VF;1;PR016;VD047;6;158.51;158.51
1000;184495;2026;09/03/2026;VF;1;PR019;VD023;8;407.18;407.18
1000;184496;2026;08/03/2026;VF;1;PR049;VD028;2;69.75;69.75
1000;184496;2026;08/03/2026;VF;2;PR036;VD043;4;381.48;381.48
1000;184497;2026;07/03/2026;VF;1;PR027;VD019;1;122.40;122.40
1000;184498;2026;07/03/2026;VF;1;PR028;VD020;14;3533.59;3533.59
1000;184499;2026;07/03/2026;VF;1;PR022;VD010;20;6060.00;6060.00
2000;184500;2026;07/03/2026;VF;1;PR059;VD010;8;1584.00;1584.00
1000;184501;2026;06/03/2026;VF;1;PR059;VD029;18;3564.00;3564.00
1000;184501;2026;06/03/2026;VF;2;PR056;VD011;12;1121.95;1121.95
1000;184502;2026;06/03/2026;VF;1;PR033;VD027;6;1699.75;1699.75
1000;184502;2026;05/03/2026;VF;2;PR021;VD038;2;605.80;605.80
1000;184503;2026;05/03/2026;VF;1;PR045;VD018;6;443.70;443.70
1000;184504;2026;05/03/2026;VF;1;PR055;VD019;6;560.98;560.98
1000;184504;2026;05/03/2026;VF;2;PR017;VD013;9;282.56;282.56
1000;184504;2026;04/03/2026;VF;3;PR039;VD040;4;601.52;601.52
2000;184505;2026;04/03/2026;VF;1;PR060;VD037;10;1818.00;1818.00
1000;184506;2026;03/03/2026;VF;1;PR029;VD013;7;1963.50;1963.50
2000;184507;2026;03/03/2026;VF;1;PR009;VD011;14;1365.63;1365.63
1000;184507;2026;03/03/2026;VF;2;PR050;VD033;6;205.30;205.30
1000;184508;2026;03/03/2026;VF;1;PR004;VD021;8;1264.40;1264.40
1000;184508;2026;03/03/2026;VF;2;PR017;VD045;9;269.10;269.10
2000;184508;2026;02/03/2026;VF;3;PR054;VD049;8;403.19;403.19
1000;184509;2026;02/03/2026;VF;1;PR028;VD033;8;2119.15;2119.15
1000;184510;2026;01/03/2026;VF;1;PR037;VD024;6;924.00;924.00
1000;184511;2026;01/03/2026;VF;1;PR011;VD012;3;143.51;143.51
2000;184511;2026;01/03/2026;VF;2;PR047;VD037;6;1808.98;1808.98
1000;184512;2026;28/02/2026;VF;1;PR036;VD027;7;693.77;693.77
1000;184513;2026;28/02/2026;VF;1;PR027;VD034;6;720.00;720.00
1000;184514;2026;27/02/2026;VF;1;PR018;VD017;8;268.46;268.46
1000;184514;2026;27/02/2026;VF;2;PR043;VD038;14;1035.30;1035.30
1000;184514;2026;27/02/2026;VF;3;PR023;VD046;12;3058.78;3058.78
1000;184515;2026;26/02/2026;VF;1;PR014;VD019;18;718.20;718.20
1000;184515;2026;26/02/2026;VF;2;PR028;VD029;9;2406.54;2406.54
1000;184516;2026;25/02/2026;VF;1;PR054;VD015;2;100.80;100.80
1000;184517;2026;25/02/2026;VF;1;PR010;VD018;10;475.94;475.94
1000;184518;2026;25/02/2026;VF;1;PR042;VD026;3;164.70;164.70
1000;184518;2026;25/02/2026;VF;2;PR039;VD044;2;312.44;312.44
2000;184519;2026;25/02/2026;VF;1;PR010;VD047;2;91.60;91.60
1000;184520;2026;25/02/2026;VF;1;PR046;VD024;10;3043.95;3043.95
2000;184521;2026;25/02/2026;VF;1;PR059;VD019;7;1285.20;1285.20
1000;184522;2026;25/02/2026;VF;1;PR048;VD034;20;6145.88;6145.88
1000;184523;2026;24/02/2026;VF;1;PR047;VD048;10;3159.91;3159.91
1000;184524;2026;24/02/2026;VF;1;PR029;VD014;9;2340.90;2340.90
1000;184524;2026;24/02/2026;VF;2;PR053;VD043;6;299.40;299.40
1000;184524;2026;23/02/2026;VF;3;PR005;VD047;2;556.19;556.19
1000;184524;2026;23/02/2026;VF;4;PR039;VD020;2;292.00;292.00
1000;184525;2026;22/02/2026;VF;1;PR031;VD031;8;2097.20;2097.20
1000;184526;2026;22/02/2026;VF;1;PR056;VD022;10;961.93;961.93
2000;184527;2026;22/02/2026;VF;1;PR018;VD025;2;70.41;70.41
1000;184528;2026;22/02/2026;VF;1;PR055;VD020;10;925.97;925.97
1000;184529;2026;21/02/2026;VF;1;PR047;VD046;2;585.60;585.60
1000;184530;2026;21/02/2026;VF;1;PR027;VD044;8;998.40;998.40
1000;184531;2026;21/02/2026;VF;1;PR047;VD029;5;1492.99;1492.99
2000;184532;2026;21/02/2026;VF;1;PR022;VD021;2;636.00;636.00
1000;184532;2026;20/02/2026;VF;2;PR050;VD010;16;573.78;573.78
2000;184533;2026;20/02/2026;VF;1;PR019;VD030;18;934.13;934.13
1000;184533;2026;20/02/2026;VF;2;PR030;VD043;18;4912.11;4912.11
2000;184534;2026;20/02/2026;VF;1;PR030;VD021;12;3181.18;3181.18
1000;184534;2026;20/02/2026;VF;2;PR026;VD043;10;3743.93;3743.93
1000;184535;2026;19/02/2026;VF;1;PR025;VD021;16;5182.27;5182.27
1000;184535;2026;19/02/2026;VF;2;PR039;VD019;20;3036.80;3036.80
1000;184536;2026;19/02/2026;VF;1;PR046;VD022;4;1171.20;1171.20
1000;184536;2026;19/02/2026;VF;2;PR043;VD016;20;1595.00;1595.00
1000;184536;2026;19/02/2026;VF;3;PR048;VD023;3;887.09;887.09
1000;184536;2026;19/02/2026;VF;4;PR039;VD025;10;1533.00;1533.00
1000;184537;2026;19/02/2026;VF;1;PR060;VD030;9;1717.20;1717.20
1000;184538;2026;19/02/2026;VF;1;PR053;VD043;5;254.49;254.49
1000;184538;2026;18/02/2026;VF;2;PR057;VD034;2;194.18;194.18
1000;184538;2026;18/02/2026;VF;3;PR031;VD046;5;1323.00;1323.00
1000;184539;2026;18/02/2026;VF;1;PR025;VD033;10;3088.97;3088.97
1000;184540;2026;18/02/2026;VF;1;PR052;VD011;4;213.57;213.57
1000;184541;2026;17/02/2026;VF;1;PR001;VD037;6;399.35;399.35
2000;184542;2026;17/02/2026;VF;1;PR004;VD041;18;2871.00;2871.00
1000;184543;2026;17/02/2026;VF;1;PR038;VD010;5;714.50;714.50
1000;184543;2026;16/02/2026;VF;2;PR007;VD011;2;180.39;180.39
1000;184544;2026;16/02/2026;VF;1;PR018;VD036;10;355.32;355.32
1000;184545;2026;16/02/2026;VF;1;PR039;VD026;10;1518.40;1518.40
1000;184546;2026;15/02/2026;VF;1;PR022;VD041;9;2808.00;2808.00
1000;184547;2026;15/02/2026;VF;1;PR007;VD020;18;1623.51;1623.51
2000;184547;2026;15/02/2026;VF;2;PR059;VD036;8;1512.00;1512.00
1000;184547;2026;15/02/2026;VF;3;PR006;VD038;12;526.68;526.68
1000;184547;2026;14/02/2026;VF;4;PR017;VD013;9;285.25;285.25
1000;184548;2026;14/02/2026;VF;1;PR015;VD032;3;140.25;140.25
1000;184548;2026;13/02/2026;VF;2;PR051;VD041;12;418.49;418.49
1000;184548;2026;13/02/2026;VF;3;PR028;VD011;16;4238.30;4238.30
1000;184548;2026;13/02/2026;VF;4;PR052;VD043;6;329.34;329.34
1000;184548;2026;13/02/2026;VF;5;PR026;VD045;4;1511.57;1511.57
1000;184548;2026;13/02/2026;VF;6;PR007;VD043;20;1735.18;1735.18
1000;184549;2026;13/02/2026;VF;1;PR031;VD026;16;4194.40;4194.40
1000;184549;2026;13/02/2026;VF;2;PR002;VD030;16;1118.40;1118.40
1000;184549;2026;13/02/2026;VF;3;PR028;VD023;7;1819.27;1819.27
1000;184550;2026;13/02/2026;VF;1;PR042;VD042;3;179.52;179.52
1000;184551;2026;13/02/2026;VF;1;PR016;VD028;20;554.26;554.26
1000;184551;2026;13/02/2026;VF;2;PR029;VD032;14;3677.10;3677.10
1000;184551;2026;13/02/2026;VF;3;PR005;VD043;6;1590.59;1590.59
1000;184552;2026;13/02/2026;VF;1;PR036;VD016;9;866.75;866.75
1000;184552;2026;12/02/2026;VF;2;PR011;VD024;8;390.21;390.21
1000;184553;2026;12/02/2026;VF;1;PR042;VD029;7;391.99;391.99
1000;184554;2026;12/02/2026;VF;1;PR024;VD036;5;1377.47;1377.47
1000;184554;2026;12/02/2026;VF;2;PR055;VD042;10;899.00;899.00
1000;184554;2026;12/02/2026;VF;3;PR031;VD039;7;1835.05;1835.05
1000;184554;2026;12/02/2026;VF;4;PR051;VD011;4;131.60;131.60
1000;184555;2026;12/02/2026;VF;1;PR007;VD021;2;171.80;171.80
1000;184556;2026;11/02/2026;VF;1;PR018;VD016;8;286.89;286.89
1000;184557;2026;11/02/2026;VF;1;PR014;VD045;3;129.28;129.28
1000;184558;2026;11/02/2026;VF;1;PR024;VD041;10;2754.94;2754.94
1000;184558;2026;11/02/2026;VF;2;PR031;VD049;10;2646.00;2646.00
1000;184559;2026;10/02/2026;VF;1;PR021;VD021;2;623.97;623.97
2000;184559;2026;10/02/2026;VF;2;PR012;VD046;4;215.16;215.16
1000;184559;2026;09/02/2026;VF;3;PR037;VD027;10;1442.00;1442.00
1000;184559;2026;09/02/2026;VF;4;PR051;VD017;8;276.36;276.36
1000;184560;2026;09/02/2026;VF;1;PR016;VD033;14;362.60;362.60
1000;184560;2026;09/02/2026;VF;2;PR019;VD031;20;1097.80;1097.80
1000;184560;2026;08/02/2026;VF;3;PR018;VD029;6;217.14;217.14
1000;184560;2026;08/02/2026;VF;4;PR045;VD021;20;1479.00;1479.00
1000;184561;2026;08/02/2026;VF;1;PR020;VD013;12;3598.80;3598.80
1000;184562;2026;08/02/2026;VF;1;PR049;VD022;14;483.63;483.63
1000;184563;2026;08/02/2026;VF;1;PR048;VD026;1;304.40;304.40
2000;184564;2026;08/02/2026;VF;1;PR060;VD033;8;1526.40;1526.40
1000;184565;2026;08/02/2026;VF;1;PR021;VD016;18;5561.24;5561.24
1000;184566;2026;08/02/2026;VF;1;PR035;VD049;16;1564.77;1564.77
1000;184567;2026;08/02/2026;VF;1;PR012;VD036;2;98.78;98.78
1000;184567;2026;07/02/2026;VF;2;PR018;VD046;2;66.46;66.46
1000;184568;2026;07/02/2026;VF;1;PR057;VD042;6;577.16;577.16
1000;184569;2026;07/02/2026;VF;1;PR018;VD046;2;71.06;71.06
1000;184569;2026;07/02/2026;VF;2;PR053;VD039;14;761.47;761.47
1000;184570;2026;07/02/2026;VF;1;PR053;VD029;9;480.54;480.54
1000;184571;2026;07/02/2026;VF;1;PR004;VD049;2;307.40;307.40
2000;184571;2026;07/02/2026;VF;2;PR005;VD036;4;1050.00;1050.00
1000;184572;2026;07/02/2026;VF;1;PR030;VD018;5;1403.46;1403.46
2000;184573;2026;07/02/2026;VF;1;PR013;VD015;6;258.55;258.55
1000;184574;2026;07/02/2026;VF;1;PR007;VD029;9;811.76;811.76
1000;184575;2026;07/02/2026;VF;1;PR035;VD040;3;279.68;279.68
1000;184575;2026;06/02/2026;VF;2;PR030;VD010;20;5301.96;5301.96
1000;184576;2026;06/02/2026;VF;1;PR018;VD046;14;474.42;474.42
1000;184577;2026;06/02/2026;VF;1;PR016;VD044;16;430.98;430.98
1000;184578;2026;06/02/2026;VF;1;PR030;VD032;16;4574.24;4574.24
1000;184579;2026;06/02/2026;VF;1;PR056;VD018;20;1833.96;1833.96
1000;184579;2026;06/02/2026;VF;2;PR037;VD048;12;1764.00;1764.00
1000;184580;2026;06/02/2026;VF;1;PR031;VD032;14;3430.00;3430.00
2000;184580;2026;05/02/2026;VF;2;PR016;VD027;6;170.94;170.94
1000;184581;2026;05/02/2026;VF;1;PR054;VD032;6;329.34;329.34
1000;184582;2026;04/02/2026;VF;1;PR035;VD038;2;190.11;190.11
1000;184582;2026;04/02/2026;VF;2;PR014;VD016;1;42.29;42.29
1000;184583;2026;04/02/2026;VF;1;PR009;VD031;16;1516.13;1516.13
1000;184584;2026;03/02/2026;VF;1;PR053;VD036;18;961.07;961.07
1000;184585;2026;03/02/2026;VF;1;PR051;VD038;8;271.10;271.10
1000;184585;2026;03/02/2026;VF;2;PR006;VD035;5;215.46;215.46
1000;184586;2026;03/02/2026;VF;1;PR046;VD040;2;614.59;614.59
1000;184587;2026;03/02/2026;VF;1;PR001;VD020;12;806.62;806.62
1000;184587;2026;03/02/2026;VF;2;PR022;VD036;4;1212.00;1212.00
1000;184588;2026;03/02/2026;VF;1;PR012;VD036;20;987.78;987.78
1000;184589;2026;03/02/2026;VF;1;PR031;VD044;4;1038.80;1038.80
1000;184590;2026;03/02/2026;VF;1;PR052;VD044;16;814.37;814.37
1000;184591;2026;03/02/2026;VF;1;PR005;VD027;3;810.89;810.89
2000;184592;2026;03/02/2026;VF;1;PR037;VD045;9;1386.00;1386.00
1000;184592;2026;02/02/2026;VF;2;PR014;VD036;10;414.96;414.96
1000;184593;2026;02/02/2026;VF;1;PR013;VD036;16;670.32;670.32
2000;184593;2026;02/02/2026;VF;2;PR001;VD030;20;1423.44;1423.44
1000;184594;2026;02/02/2026;VF;1;PR029;VD024;4;1060.80;1060.80
1000;184595;2026;01/02/2026;VF;1;PR008;VD014;10;899.00;899.00
1000;184596;2026;01/02/2026;VF;1;PR004;VD042;2;301.60;301.60
1000;184596;2026;01/02/2026;VF;2;PR007;VD045;14;1226.65;1226.65
1000;184597;2026;01/02/2026;VF;1;PR060;VD011;10;1926.00;1926.00
1000;184598;2026;01/02/2026;VF;1;PR057;VD036;10;979.91;979.91
1000;184599;2026;31/01/2026;VF;1;PR036;VD017;10;981.75;981.75
1000;184599;2026;31/01/2026;VF;2;PR045;VD019;4;292.90;292.90
1000;184600;2026;31/01/2026;VF;1;PR058;VD029;18;3434.40;3434.40
1000;184600;2026;31/01/2026;VF;2;PR010;VD046;14;666.32;666.32
1000;184601;2026;30/01/2026;VF;1;PR036;VD017;5;486.20;486.20
1000;184602;2026;30/01/2026;VF;1;PR014;VD048;4;172.37;172.37
1000;184603;2026;30/01/2026;VF;1;PR041;VD042;2;120.78;120.78
1000;184604;2026;30/01/2026;VF;1;PR019;VD034;7;373.75;373.75
1000;184605;2026;30/01/2026;VF;1;PR024;VD048;3;795.29;795.29
1000;184606;2026;29/01/2026;VF;1;PR044;VD046;14;1055.60;1055.60
1000;184607;2026;29/01/2026;VF;1;PR042;VD048;7;399.67;399.67
2000;184607;2026;29/01/2026;VF;2;PR014;VD017;10;438.90;438.90
1000;184608;2026;29/01/2026;VF;1;PR015;VD022;6;262.65;262.65
1000;184609;2026;29/01/2026;VF;1;PR025;VD034;4;1295.57;1295.57
1000;184610;2026;29/01/2026;VF;1;PR001;VD022;9;640.55;640.55
1000;184611;2026;29/01/2026;VF;1;PR013;VD019;20;869.82;869.82
1000;184612;2026;29/01/2026;VF;1;PR058;VD042;3;577.80;577.80
2000;184613;2026;29/01/2026;VF;1;PR053;VD022;4;217.56;217.56
1000;184614;2026;29/01/2026;VF;1;PR047;VD025;2;631.98;631.98
1000;184615;2026;29/01/2026;VF;1;PR044;VD026;7;522.73;522.73
1000;184616;2026;29/01/2026;VF;1;PR050;VD039;12;410.59;410.59
1000;184616;2026;29/01/2026;VF;2;PR042;VD040;8;447.98;447.98
2000;184616;2026;28/01/2026;VF;3;PR003;VD038;2;143.22;143.22
1000;184617;2026;28/01/2026;VF;1;PR010;VD025;6;274.79;274.79
1000;184618;2026;28/01/2026;VF;1;PR043;VD013;6;439.35;439.35
1000;184619;2026;27/01/2026;VF;1;PR012;VD035;6;293.40;293.40
1000;184620;2026;27/01/2026;VF;1;PR007;VD017;12;1123.57;1123.57
1000;184621;2026;27/01/2026;VF;1;PR042;VD021;14;791.66;791.66
1000;184622;2026;27/01/2026;VF;1;PR035;VD033;4;391.19;391.19
1000;184622;2026;27/01/2026;VF;2;PR040;VD027;16;1176.00;1176.00
1000;184623;2026;27/01/2026;VF;1;PR027;VD022;6;763.20;763.20
1000;184624;2026;27/01/2026;VF;1;PR006;VD020;7;279.30;279.30
1000;184625;2026;26/01/2026;VF;1;PR005;VD018;18;4958.89;4958.89
1000;184625;2026;26/01/2026;VF;2;PR046;VD034;20;6261.84;6261.84
1000;184626;2026;26/01/2026;VF;1;PR001;VD041;10;705.13;705.13
1000;184626;2026;26/01/2026;VF;2;PR037;VD028;12;1680.00;1680.00
1000;184627;2026;26/01/2026;VF;1;PR036;VD038;4;388.96;388.96
1000;184628;2026;26/01/2026;VF;1;PR035;VD018;6;548.40;548.40
1000;184629;2026;25/01/2026;VF;1;PR057;VD014;3;285.88;285.88
2000;184630;2026;25/01/2026;VF;1;PR033;VD043;20;5717.80;5717.80
1000;184631;2026;25/01/2026;VF;1;PR041;VD022;6;345.87;345.87
1000;184632;2026;24/01/2026;VF;1;PR010;VD030;4;183.19;183.19
1000;184633;2026;24/01/2026;VF;1;PR026;VD010;16;6102.26;6102.26
1000;184634;2026;23/01/2026;VF;1;PR052;VD043;1;54.89;54.89
1000;184635;2026;23/01/2026;VF;1;PR015;VD041;4;187.00;187.00
2000;184636;2026;22/01/2026;VF;1;PR034;VD020;3;272.40;272.40
1000;184637;2026;22/01/2026;VF;1;PR013;VD044;2;84.59;84.59
2000;184638;2026;21/01/2026;VF;1;PR054;VD031;6;305.39;305.39
1000;184639;2026;21/01/2026;VF;1;PR005;VD039;10;2806.92;2806.92
1000;184640;2026;21/01/2026;VF;1;PR046;VD027;14;4383.29;4383.29
2000;184640;2026;21/01/2026;VF;2;PR019;VD015;9;485.03;485.03
1000;184641;2026;20/01/2026;VF;1;PR047;VD026;2;608.79;608.79
1000;184642;2026;20/01/2026;VF;1;PR058;VD037;16;3139.20;3139.20
1000;184643;2026;20/01/2026;VF;1;PR030;VD035;8;2287.12;2287.12
2000;184644;2026;20/01/2026;VF;1;PR031;VD043;20;5047.00;5047.00
2000;184645;2026;20/01/2026;VF;1;PR013;VD034;4;167.58;167.58
1000;184646;2026;19/01/2026;VF;1;PR036;VD039;7;706.86;706.86
1000;184647;2026;19/01/2026;VF;1;PR050;VD025;9;304.98;304.98
1000;184648;2026;19/01/2026;VF;1;PR055;VD040;20;1923.86;1923.86
1000;184649;2026;19/01/2026;VF;1;PR007;VD012;16;1470.61;1470.61
1000;184650;2026;19/01/2026;VF;1;PR002;VD042;10;712.98;712.98
1000;184651;2026;19/01/2026;VF;1;PR030;VD013;12;3118.80;3118.80
2000;184652;2026;19/01/2026;VF;1;PR060;VD027;14;2520.00;2520.00
1000;184653;2026;19/01/2026;VF;1;PR040;VD039;7;504.70;504.70
1000;184654;2026;19/01/2026;VF;1;PR052;VD016;7;363.27;363.27
1000;184654;2026;19/01/2026;VF;2;PR057;VD035;2;188.79;188.79
1000;184655;2026;18/01/2026;VF;1;PR019;VD031;9;480.54;480.54
1000;184656;2026;18/01/2026;VF;1;PR049;VD044;2;70.41;70.41
1000;184657;2026;18/01/2026;VF;1;PR017;VD033;4;131.56;131.56
2000;184657;2026;18/01/2026;VF;2;PR034;VD015;6;544.79;544.79
1000;184658;2026;18/01/2026;VF;1;PR048;VD043;9;2713.46;2713.46
1000;184659;2026;18/01/2026;VF;1;PR004;VD037;5;725.00;725.00
2000;184660;2026;17/01/2026;VF;1;PR059;VD049;5;945.00;945.00
1000;184661;2026;17/01/2026;VF;1;PR005;VD018;20;5717.80;5717.80
2000;184662;2026;17/01/2026;VF;1;PR050;VD010;10;342.16;342.16
1000;184663;2026;17/01/2026;VF;1;PR033;VD042;8;2079.20;2079.20
1000;184664;2026;17/01/2026;VF;1;PR038;VD027;14;2080.62;2080.62
1000;184664;2026;17/01/2026;VF;2;PR032;VD034;7;1907.50;1907.50
1000;184665;2026;16/01/2026;VF;1;PR042;VD012;2;109.80;109.80
1000;184666;2026;16/01/2026;VF;1;PR017;VD018;20;657.80;657.80
1000;184667;2026;16/01/2026;VF;1;PR037;VD013;10;1414.00;1414.00
1000;184668;2026;16/01/2026;VF;1;PR041;VD021;8;443.59;443.59
2000;184669;2026;15/01/2026;VF;1;PR039;VD032;8;1214.72;1214.72
1000;184670;2026;15/01/2026;VF;1;PR043;VD026;2;152.25;152.25
1000;184670;2026;15/01/2026;VF;2;PR046;VD038;8;2527.93;2527.93
1000;184671;2026;15/01/2026;VF;1;PR006;VD030;8;335.16;335.16
1000;184672;2026;15/01/2026;VF;1;PR052;VD032;1;50.40;50.40
1000;184673;2026;15/01/2026;VF;1;PR057;VD038;2;197.78;197.78
1000;184674;2026;14/01/2026;VF;1;PR056;VD020;6;587.95;587.95
1000;184674;2026;14/01/2026;VF;2;PR024;VD049;3;810.89;810.89
1000;184675;2026;14/01/2026;VF;1;PR036;VD021;2;198.22;198.22
2000;184676;2026;14/01/2026;VF;1;PR024;VD031;4;1101.98;1101.98
2000;184677;2026;13/01/2026;VF;1;PR011;VD019;20;938.00;938.00
2000;184678;2026;13/01/2026;VF;1;PR019;VD012;10;533.93;533.93
2000;184679;2026;13/01/2026;VF;1;PR058;VD019;7;1386.00;1386.00
1000;184680;2026;12/01/2026;VF;1;PR034;VD039;16;1524.70;1524.70
1000;184681;2026;12/01/2026;VF;1;PR043;VD046;3;230.55;230.55
1000;184682;2026;12/01/2026;VF;1;PR052;VD045;3;163.17;163.17
1000;184683;2026;12/01/2026;VF;1;PR054;VD041;12;622.75;622.75
1000;184684;2026;12/01/2026;VF;1;PR059;VD014;7;1310.40;1310.40
1000;184685;2026;11/01/2026;VF;1;PR020;VD036;20;6357.88;6357.88
1000;184685;2026;11/01/2026;VF;2;PR017;VD027;12;391.09;391.09
1000;184686;2026;11/01/2026;VF;1;PR049;VD039;4;139.50;139.50
2000;184687;2026;11/01/2026;VF;1;PR034;VD017;8;733.58;733.58
2000;184688;2026;10/01/2026;VF;1;PR045;VD045;14;1025.15;1025.15
2000;184688;2026;10/01/2026;VF;2;PR018;VD018;4;139.50;139.50
2000;184688;2026;10/01/2026;VF;3;PR008;VD016;6;539.40;539.40
1000;184689;2026;10/01/2026;VF;1;PR013;VD036;3;124.49;124.49
1000;184690;2026;10/01/2026;VF;1;PR055;VD016;9;881.92;881.92
1000;184691;2026;09/01/2026;VF;1;PR037;VD048;1;154.00;154.00
2000;184692;2026;09/01/2026;VF;1;PR036;VD029;8;748.00;748.00
1000;184693;2026;09/01/2026;VF;1;PR008;VD013;20;1815.98;1815.98
1000;184694;2026;08/01/2026;VF;1;PR056;VD032;10;961.93;961.93
1000;184694;2026;08/01/2026;VF;2;PR033;VD012;8;2141.58;2141.58
1000;184695;2026;08/01/2026;VF;1;PR001;VD036;2;139.71;139.71
1000;184695;2026;08/01/2026;VF;2;PR007;VD022;4;350.47;350.47
1000;184695;2026;08/01/2026;VF;3;PR056;VD010;20;1905.88;1905.88
1000;184695;2026;07/01/2026;VF;4;PR055;VD025;10;952.94;952.94
2000;184696;2026;07/01/2026;VF;1;PR055;VD030;2;190.59;190.59
